SSID,BSSID,CHANNEL,RSSI,Xcoordinate,Ycoordinate
@JumboPlus5GHz,00:7e:95:cb:17:ee,36,-85,133.58377896613183,588.8475935828877
eduroam,00:7e:95:cb:17:ed,36,-86,133.58377896613183,588.8475935828877
@JumboPlusIoT,00:7e:95:cb:17:ec,36,-84,133.58377896613183,588.8475935828877
@TOT_Wi-Fi,00:7e:95:cb:17:e8,36,-87,133.58377896613183,588.8475935828877
.@TrueMoveH,00:7e:95:cb:17:e7,36,-86,133.58377896613183,588.8475935828877
AISSMARTLogin,00:7e:95:cb:17:e6,36,-85,133.58377896613183,588.8475935828877
AISSMARTLogin,04:5f:b9:e5:d9:a6,36,-78,133.58377896613183,588.8475935828877
.@TrueMoveH,04:5f:b9:e5:d9:a7,36,-78,133.58377896613183,588.8475935828877
@TOT_Wi-Fi,00:7e:95:c9:42:c8,36,-79,133.58377896613183,588.8475935828877
@JumboPlusIoT,00:7e:95:c9:42:cc,36,-79,133.58377896613183,588.8475935828877
AISSMARTLogin,00:b6:70:5f:15:06,36,-71,133.58377896613183,588.8475935828877
.@TrueMoveH,00:b6:70:5f:15:07,36,-70,133.58377896613183,588.8475935828877
@TOT_Wi-Fi,00:b6:70:5f:15:08,36,-70,133.58377896613183,588.8475935828877
@JumboPlusIoT,00:b6:70:5f:15:0c,36,-71,133.58377896613183,588.8475935828877
eduroam,00:b6:70:5f:15:0d,36,-71,133.58377896613183,588.8475935828877
@JumboPlus5GHz,00:b6:70:5f:15:0e,36,-71,133.58377896613183,588.8475935828877
@TOT_Wi-Fi,00:7e:95:cb:0d:87,1,-74,133.58377896613183,588.8475935828877
@TOT_Wi-Fi,00:7e:95:c9:79:07,1,-63,133.58377896613183,588.8475935828877
.@AISSUPERWiFi,00:7e:95:c9:79:06,1,-62,133.58377896613183,588.8475935828877
.@TRUEWIFI,00:7e:95:c9:79:05,1,-62,133.58377896613183,588.8475935828877
@JumboPlus,00:7e:95:c9:79:00,1,-63,133.58377896613183,588.8475935828877
@JumboPlus,00:7e:95:c5:06:60,1,-66,133.58377896613183,588.8475935828877
@TOT_Wi-Fi,00:7e:95:c5:06:67,1,-67,133.58377896613183,588.8475935828877
@TOT_Wi-Fi,00:7e:95:cb:6f:27,1,-71,133.58377896613183,588.8475935828877
.@AISSUPERWiFi,00:7e:95:c5:06:66,1,-64,133.58377896613183,588.8475935828877
@JumboPlusIoT,00:7e:95:c5:06:63,1,-65,133.58377896613183,588.8475935828877
.@AISSUPERWiFi,00:7e:95:cb:6f:26,1,-71,133.58377896613183,588.8475935828877
ubiquitous1,00:1a:70:34:72:e1,11,-69,133.58377896613183,588.8475935828877
@TOT_Wi-Fi,00:b6:70:5f:15:07,11,-67,133.58377896613183,588.8475935828877
.@AISSUPERWiFi,00:b6:70:5f:15:06,11,-67,133.58377896613183,588.8475935828877
.@TRUEWIFI,00:b6:70:5f:15:05,11,-68,133.58377896613183,588.8475935828877
@JumboPlusIoT,00:b6:70:5f:15:03,11,-68,133.58377896613183,588.8475935828877
@JumboPlus,00:b6:70:5f:15:00,11,-68,133.58377896613183,588.8475935828877
@TOT_Wi-Fi,00:b6:70:59:95:67,11,-66,133.58377896613183,588.8475935828877
.@AISSUPERWiFi,00:b6:70:59:95:66,11,-66,133.58377896613183,588.8475935828877
.@TRUEWIFI,00:b6:70:59:95:65,11,-66,133.58377896613183,588.8475935828877
@TOT_Wi-Fi,04:5f:b9:e5:1f:a7,11,-63,133.58377896613183,588.8475935828877
.@TRUEWIFI,04:5f:b9:e5:1f:a5,11,-63,133.58377896613183,588.8475935828877
@JumboPlusIoT,00:b6:70:59:95:63,11,-64,133.58377896613183,588.8475935828877
@JumboPlus,00:b6:70:59:95:60,11,-66,133.58377896613183,588.8475935828877
@JumboPlusIoT,04:5f:b9:e5:1f:a3,11,-63,133.58377896613183,588.8475935828877
@JumboPlus,04:5f:b9:e5:1f:a0,11,-63,133.58377896613183,588.8475935828877
SETUP,02:11:87:d2:df:25,11,-76,133.58377896613183,588.8475935828877
AISSMARTLogin,00:7e:95:cb:17:e6,36,-80,310.76737967914437,578.8654188948307
.@TrueMoveH,00:7e:95:cb:17:e7,36,-81,310.76737967914437,578.8654188948307
@TOT_Wi-Fi,00:b6:70:5f:15:08,36,-71,310.76737967914437,578.8654188948307
@JumboPlusIoT,00:b6:70:5f:15:0c,36,-72,310.76737967914437,578.8654188948307
eduroam,00:b6:70:5f:15:0d,36,-71,310.76737967914437,578.8654188948307
AISSMARTLogin,04:5f:b9:e5:d9:a6,36,-77,310.76737967914437,578.8654188948307
.@TrueMoveH,04:5f:b9:e5:d9:a7,36,-77,310.76737967914437,578.8654188948307
AISSMARTLogin,00:b6:70:5f:15:06,36,-72,310.76737967914437,578.8654188948307
.@TrueMoveH,00:b6:70:5f:15:07,36,-72,310.76737967914437,578.8654188948307
.@AISSUPERWiFi,00:7e:95:cb:6e:c6,1,-75,310.76737967914437,578.8654188948307
@TOT_Wi-Fi,00:7e:95:c5:2f:87,1,-66,310.76737967914437,578.8654188948307
.@TRUEWIFI,00:7e:95:cb:6f:25,1,-66,310.76737967914437,578.8654188948307
@TOT_Wi-Fi,00:7e:95:cb:6f:27,1,-65,310.76737967914437,578.8654188948307
.@AISSUPERWiFi,00:7e:95:cb:6f:26,1,-66,310.76737967914437,578.8654188948307
.@TRUEWIFI,00:7e:95:c5:2f:85,1,-64,310.76737967914437,578.8654188948307
@JumboPlusIoT,00:7e:95:cb:6f:23,1,-65,310.76737967914437,578.8654188948307
@JumboPlus,00:7e:95:cb:6f:20,1,-64,310.76737967914437,578.8654188948307
Eng_Wi-Fi_Zone,64:d8:14:ef:e1:11,1,-41,310.76737967914437,578.8654188948307
@TOT_Wi-Fi,00:b6:70:5f:15:07,11,-75,310.76737967914437,578.8654188948307
@TOT_Wi-Fi,00:b6:70:59:90:07,11,-73,310.76737967914437,578.8654188948307
.@AISSUPERWiFi,00:b6:70:59:90:06,11,-73,310.76737967914437,578.8654188948307
@TOT_Wi-Fi,00:b6:70:59:5d:c7,11,-69,310.76737967914437,578.8654188948307
.@AISSUPERWiFi,00:b6:70:59:5d:c6,11,-69,310.76737967914437,578.8654188948307
.@TRUEWIFI,00:b6:70:59:5d:c5,11,-69,310.76737967914437,578.8654188948307
@JumboPlus,04:5f:b9:e5:ac:e0,11,-68,310.76737967914437,578.8654188948307
@TOT_Wi-Fi,04:5f:b9:e5:1f:a7,11,-71,310.76737967914437,578.8654188948307
.@AISSUPERWiFi,04:5f:b9:e5:1f:a6,11,-70,310.76737967914437,578.8654188948307
.@TRUEWIFI,04:5f:b9:e5:1f:a5,11,-71,310.76737967914437,578.8654188948307
@JumboPlusIoT,04:5f:b9:e5:1f:a3,11,-70,310.76737967914437,578.8654188948307
@JumboPlus,04:5f:b9:e5:1f:a0,11,-70,310.76737967914437,578.8654188948307
AISSMARTLogin,04:5f:b9:e5:d9:a6,36,-77,497.93315508021385,568.8832442067736
.@TrueMoveH,04:5f:b9:e5:d9:a7,36,-78,497.93315508021385,568.8832442067736
@TOT_Wi-Fi,04:5f:b9:e5:d9:a8,36,-78,497.93315508021385,568.8832442067736
@JumboPlusIoT,04:5f:b9:e5:d9:ac,36,-78,497.93315508021385,568.8832442067736
eduroam,04:5f:b9:e5:d9:ad,36,-78,497.93315508021385,568.8832442067736
@JumboPlus5GHz,04:5f:b9:e5:d9:ae,36,-78,497.93315508021385,568.8832442067736
AISSMARTLogin,00:b6:70:5f:15:06,36,-75,497.93315508021385,568.8832442067736
.@TrueMoveH,00:b6:70:5f:15:07,36,-76,497.93315508021385,568.8832442067736
@TOT_Wi-Fi,00:b6:70:5f:15:08,36,-75,497.93315508021385,568.8832442067736
@JumboPlusIoT,00:b6:70:5f:15:0c,36,-76,497.93315508021385,568.8832442067736
eduroam,00:b6:70:5f:15:0d,36,-76,497.93315508021385,568.8832442067736
@JumboPlus5GHz,00:b6:70:5f:15:0e,36,-75,497.93315508021385,568.8832442067736
@JumboPlus,04:5f:b9:e5:1f:a0,11,-70,497.93315508021385,568.8832442067736
@TOT_Wi-Fi,00:7e:95:c5:2f:87,1,-67,497.93315508021385,568.8832442067736
.@AISSUPERWiFi,00:7e:95:c5:2f:86,1,-67,497.93315508021385,568.8832442067736
.@TRUEWIFI,00:7e:95:c5:2f:85,1,-67,497.93315508021385,568.8832442067736
@JumboPlusIoT,00:7e:95:c5:2f:83,1,-67,497.93315508021385,568.8832442067736
@JumboPlus,00:7e:95:c5:2f:80,1,-67,497.93315508021385,568.8832442067736
@TOT_Wi-Fi,00:7e:95:cb:6f:27,1,-59,497.93315508021385,568.8832442067736
@TOT_Wi-Fi,00:7e:95:c9:79:07,1,-53,497.93315508021385,568.8832442067736
.@AISSUPERWiFi,00:7e:95:cb:6f:26,1,-60,497.93315508021385,568.8832442067736
.@AISSUPERWiFi,00:7e:95:c9:79:06,1,-53,497.93315508021385,568.8832442067736
.@TRUEWIFI,00:7e:95:cb:6f:25,1,-60,497.93315508021385,568.8832442067736
@JumboPlusIoT,00:7e:95:cb:6f:23,1,-60,497.93315508021385,568.8832442067736
.@TRUEWIFI,00:7e:95:c9:79:05,1,-53,497.93315508021385,568.8832442067736
@JumboPlusIoT,00:7e:95:c9:79:03,1,-53,497.93315508021385,568.8832442067736
@JumboPlus,00:7e:95:c9:79:00,1,-53,497.93315508021385,568.8832442067736
@JumboPlus,00:7e:95:cb:6f:20,1,-59,497.93315508021385,568.8832442067736
Eng_Wi-Fi_Zone,64:d8:14:ef:e1:11,1,-50,497.93315508021385,568.8832442067736
@JumboPlusIoT,04:5f:b9:e5:ac:e3,11,-71,497.93315508021385,568.8832442067736
@JumboPlusIoT,00:b6:70:59:95:63,11,-62,497.93315508021385,568.8832442067736
@JumboPlus,00:b6:70:59:95:60,11,-63,497.93315508021385,568.8832442067736
ubiquitous1,00:1a:70:34:72:e1,11,-70,497.93315508021385,568.8832442067736
@TOT_Wi-Fi,00:b6:70:59:95:67,11,-63,497.93315508021385,568.8832442067736
.@AISSUPERWiFi,00:b6:70:59:95:66,11,-63,497.93315508021385,568.8832442067736
SETUP,02:11:87:d2:df:25,11,-77,497.93315508021385,568.8832442067736
AISSMARTLogin,04:5f:b9:e5:d9:a6,36,-82,725.0276292335116,556.4055258467024
.@TrueMoveH,04:5f:b9:e5:d9:a7,36,-81,725.0276292335116,556.4055258467024
@TOT_Wi-Fi,04:5f:b9:e5:d9:a8,36,-81,725.0276292335116,556.4055258467024
@JumboPlusIoT,04:5f:b9:e5:d9:ac,36,-81,725.0276292335116,556.4055258467024
eduroam,04:5f:b9:e5:d9:ad,36,-81,725.0276292335116,556.4055258467024
AISSMARTLogin,00:b6:70:5f:15:06,36,-75,725.0276292335116,556.4055258467024
.@TrueMoveH,00:b6:70:5f:15:07,36,-75,725.0276292335116,556.4055258467024
@JumboPlus5GHz,04:5f:b9:e5:d9:ae,36,-81,725.0276292335116,556.4055258467024
@TOT_Wi-Fi,00:b6:70:5f:15:08,36,-74,725.0276292335116,556.4055258467024
@JumboPlusIoT,00:b6:70:5f:15:0c,36,-75,725.0276292335116,556.4055258467024
eduroam,00:b6:70:5f:15:0d,36,-75,725.0276292335116,556.4055258467024
@JumboPlus5GHz,00:b6:70:5f:15:0e,36,-75,725.0276292335116,556.4055258467024
Eng_Wi-Fi_Zone,64:d8:14:ef:e1:11,1,-58,725.0276292335116,556.4055258467024
@TOT_Wi-Fi,00:7e:95:cb:6f:27,1,-59,725.0276292335116,556.4055258467024
.@AISSUPERWiFi,00:7e:95:cb:6f:26,1,-59,725.0276292335116,556.4055258467024
.@TRUEWIFI,00:7e:95:cb:6f:25,1,-59,725.0276292335116,556.4055258467024
.@TRUEWIFI,00:7e:95:c5:2f:85,1,-68,725.0276292335116,556.4055258467024
@TOT_Wi-Fi,00:7e:95:c9:79:07,1,-59,725.0276292335116,556.4055258467024
.@AISSUPERWiFi,00:7e:95:c9:79:06,1,-59,725.0276292335116,556.4055258467024
.@TRUEWIFI,00:7e:95:c9:79:05,1,-58,725.0276292335116,556.4055258467024
@JumboPlusIoT,00:7e:95:cb:6f:23,1,-59,725.0276292335116,556.4055258467024
@JumboPlusIoT,00:7e:95:c9:79:03,1,-58,725.0276292335116,556.4055258467024
@JumboPlus,00:7e:95:cb:6f:20,1,-60,725.0276292335116,556.4055258467024
@JumboPlus,00:7e:95:c9:79:00,1,-59,725.0276292335116,556.4055258467024
@JumboPlusIoT,04:5f:b9:e5:ac:e3,11,-70,725.0276292335116,556.4055258467024
@JumboPlus,04:5f:b9:e5:ac:e0,11,-70,725.0276292335116,556.4055258467024
@TOT_Wi-Fi,04:5f:b9:e5:1f:a7,11,-73,725.0276292335116,556.4055258467024
@JumboPlusIoT,04:5f:b9:e5:1f:a3,11,-73,725.0276292335116,556.4055258467024
@JumboPlus,04:5f:b9:e5:1f:a0,11,-73,725.0276292335116,556.4055258467024
@TOT_Wi-Fi,00:b6:70:59:95:67,11,-65,725.0276292335116,556.4055258467024
.@AISSUPERWiFi,00:b6:70:59:95:66,11,-65,725.0276292335116,556.4055258467024
.@TRUEWIFI,04:5f:b9:e5:ac:e5,11,-70,725.0276292335116,556.4055258467024
@TOT_Wi-Fi,00:b6:70:59:90:07,11,-69,725.0276292335116,556.4055258467024
.@AISSUPERWiFi,00:b6:70:59:90:06,11,-69,725.0276292335116,556.4055258467024
.@TRUEWIFI,00:b6:70:59:95:65,11,-64,725.0276292335116,556.4055258467024
@JumboPlusIoT,00:b6:70:59:95:63,11,-65,725.0276292335116,556.4055258467024
@JumboPlus,00:b6:70:59:95:60,11,-64,725.0276292335116,556.4055258467024
SETUP,02:11:87:d2:df:25,11,-77,725.0276292335116,556.4055258467024
AISSMARTLogin,04:5f:b9:e5:d9:a6,36,-82,934.6532976827093,536.4411764705883
.@TrueMoveH,04:5f:b9:e5:d9:a7,36,-82,934.6532976827093,536.4411764705883
@TOT_Wi-Fi,04:5f:b9:e5:d9:a8,36,-81,934.6532976827093,536.4411764705883
@JumboPlusIoT,04:5f:b9:e5:d9:ac,36,-81,934.6532976827093,536.4411764705883
eduroam,04:5f:b9:e5:d9:ad,36,-81,934.6532976827093,536.4411764705883
AISSMARTLogin,00:b6:70:5f:15:06,36,-74,934.6532976827093,536.4411764705883
.@TrueMoveH,00:b6:70:5f:15:07,36,-75,934.6532976827093,536.4411764705883
@JumboPlus5GHz,04:5f:b9:e5:d9:ae,36,-82,934.6532976827093,536.4411764705883
@TOT_Wi-Fi,00:b6:70:5f:15:08,36,-75,934.6532976827093,536.4411764705883
@JumboPlusIoT,00:b6:70:5f:15:0c,36,-74,934.6532976827093,536.4411764705883
eduroam,00:b6:70:5f:15:0d,36,-74,934.6532976827093,536.4411764705883
@JumboPlus5GHz,00:b6:70:5f:15:0e,36,-75,934.6532976827093,536.4411764705883
.@AISSUPERWiFi,00:7e:95:cb:6f:26,1,-63,934.6532976827093,536.4411764705883
@JumboPlusIoT,00:7e:95:c5:2f:83,1,-62,934.6532976827093,536.4411764705883
.@AISSUPERWiFi,00:7e:95:c5:2f:86,1,-61,934.6532976827093,536.4411764705883
@TOT_Wi-Fi,00:7e:95:cb:6f:27,1,-63,934.6532976827093,536.4411764705883
@TOT_Wi-Fi,00:7e:95:c5:2f:87,1,-61,934.6532976827093,536.4411764705883
.@TRUEWIFI,00:7e:95:c5:2f:85,1,-61,934.6532976827093,536.4411764705883
@TOT_Wi-Fi,00:7e:95:c9:79:07,1,-51,934.6532976827093,536.4411764705883
@JumboPlus,00:7e:95:cb:6f:20,1,-63,934.6532976827093,536.4411764705883
.@AISSUPERWiFi,00:7e:95:c9:79:06,1,-51,934.6532976827093,536.4411764705883
.@TRUEWIFI,00:7e:95:cb:6f:25,1,-63,934.6532976827093,536.4411764705883
@JumboPlusIoT,00:7e:95:cb:6f:23,1,-63,934.6532976827093,536.4411764705883
.@TRUEWIFI,00:7e:95:c9:79:05,1,-51,934.6532976827093,536.4411764705883
@JumboPlusIoT,00:7e:95:c9:79:03,1,-50,934.6532976827093,536.4411764705883
@JumboPlus,00:7e:95:c9:79:00,1,-51,934.6532976827093,536.4411764705883
Eng_Wi-Fi_Zone,64:d8:14:ef:e1:11,1,-58,934.6532976827093,536.4411764705883
@TOT_Wi-Fi,00:b6:70:59:90:07,11,-70,934.6532976827093,536.4411764705883
.@AISSUPERWiFi,00:b6:70:59:90:06,11,-69,934.6532976827093,536.4411764705883
.@TRUEWIFI,00:b6:70:59:90:05,11,-70,934.6532976827093,536.4411764705883
@JumboPlusIoT,00:b6:70:59:90:03,11,-69,934.6532976827093,536.4411764705883
@JumboPlus,00:b6:70:59:90:00,11,-69,934.6532976827093,536.4411764705883
@TOT_Wi-Fi,00:7e:95:c9:7b:67,11,-73,934.6532976827093,536.4411764705883
.@AISSUPERWiFi,00:7e:95:c9:7b:66,11,-73,934.6532976827093,536.4411764705883
.@TRUEWIFI,00:7e:95:c9:7b:65,11,-73,934.6532976827093,536.4411764705883
@JumboPlus,00:7e:95:c9:7b:60,11,-73,934.6532976827093,536.4411764705883
@TOT_Wi-Fi,00:b6:70:59:95:67,11,-60,934.6532976827093,536.4411764705883
.@AISSUPERWiFi,00:b6:70:59:95:66,11,-60,934.6532976827093,536.4411764705883
.@TRUEWIFI,00:b6:70:59:95:65,11,-60,934.6532976827093,536.4411764705883
@JumboPlusIoT,00:b6:70:59:95:63,11,-60,934.6532976827093,536.4411764705883
@JumboPlus,00:b6:70:59:95:60,11,-60,934.6532976827093,536.4411764705883
AISSMARTLogin,00:b6:70:5f:15:06,36,-76,947.1310160427806,379.2219251336899
.@TrueMoveH,00:b6:70:5f:15:07,36,-76,947.1310160427806,379.2219251336899
@TOT_Wi-Fi,00:b6:70:5f:15:08,36,-76,947.1310160427806,379.2219251336899
@JumboPlusIoT,00:b6:70:5f:15:0c,36,-76,947.1310160427806,379.2219251336899
eduroam,00:b6:70:5f:15:0d,36,-76,947.1310160427806,379.2219251336899
@JumboPlus5GHz,00:b6:70:5f:15:0e,36,-76,947.1310160427806,379.2219251336899
.@TRUEWIFI,00:7e:95:c5:2f:85,1,-62,947.1310160427806,379.2219251336899
@JumboPlus,00:7e:95:c5:2f:80,1,-62,947.1310160427806,379.2219251336899
@TOT_Wi-Fi,00:7e:95:c5:2f:87,1,-62,947.1310160427806,379.2219251336899
@TOT_Wi-Fi,00:7e:95:c9:79:07,1,-54,947.1310160427806,379.2219251336899
.@AISSUPERWiFi,00:7e:95:c9:79:06,1,-54,947.1310160427806,379.2219251336899
.@AISSUPERWiFi,00:7e:95:c5:2f:86,1,-61,947.1310160427806,379.2219251336899
.@TRUEWIFI,00:7e:95:c9:79:05,1,-54,947.1310160427806,379.2219251336899
Eng_Wi-Fi_Zone,64:d8:14:ef:e1:11,1,-54,947.1310160427806,379.2219251336899
@JumboPlusIoT,00:7e:95:c9:79:03,1,-54,947.1310160427806,379.2219251336899
@JumboPlus,00:7e:95:c9:79:00,1,-54,947.1310160427806,379.2219251336899
@TOT_Wi-Fi,00:7e:95:cb:6f:27,1,-61,947.1310160427806,379.2219251336899
.@AISSUPERWiFi,00:7e:95:cb:6f:26,1,-61,947.1310160427806,379.2219251336899
@JumboPlus,00:7e:95:cb:6f:20,1,-61,947.1310160427806,379.2219251336899
ubiquitous1,00:1a:70:34:72:e1,11,-79,947.1310160427806,379.2219251336899
@JumboPlusIoT,04:5f:b9:e5:d9:ac,36,-81,954.6176470588234,251.9491978609626
AISSMARTLogin,04:5f:b9:e5:d9:a6,36,-82,954.6176470588234,251.9491978609626
.@TrueMoveH,04:5f:b9:e5:d9:a7,36,-82,954.6176470588234,251.9491978609626
@TOT_Wi-Fi,04:5f:b9:e5:d9:a8,36,-82,954.6176470588234,251.9491978609626
eduroam,00:7e:95:cb:17:ed,36,-86,954.6176470588234,251.9491978609626
AISSMARTLogin,00:7e:95:cb:17:e6,36,-86,954.6176470588234,251.9491978609626
eduroam,04:5f:b9:e5:d9:ad,36,-81,954.6176470588234,251.9491978609626
AISSMARTLogin,00:b6:70:5f:15:06,36,-70,954.6176470588234,251.9491978609626
.@TrueMoveH,00:b6:70:5f:15:07,36,-70,954.6176470588234,251.9491978609626
@JumboPlus5GHz,04:5f:b9:e5:d9:ae,36,-82,954.6176470588234,251.9491978609626
@TOT_Wi-Fi,00:b6:70:5f:15:08,36,-70,954.6176470588234,251.9491978609626
@JumboPlusIoT,00:b6:70:5f:15:0c,36,-70,954.6176470588234,251.9491978609626
eduroam,00:b6:70:5f:15:0d,36,-70,954.6176470588234,251.9491978609626
@JumboPlus5GHz,00:b6:70:5f:15:0e,36,-70,954.6176470588234,251.9491978609626
@TOT_Wi-Fi,00:7e:95:cb:91:a7,1,-68,954.6176470588234,251.9491978609626
.@AISSUPERWiFi,00:7e:95:cb:91:a6,1,-68,954.6176470588234,251.9491978609626
.@TRUEWIFI,00:7e:95:cb:91:a5,1,-68,954.6176470588234,251.9491978609626
@JumboPlusIoT,00:7e:95:cb:6f:23,1,-68,954.6176470588234,251.9491978609626
@TOT_Wi-Fi,04:5f:b9:e5:a8:e7,1,-71,954.6176470588234,251.9491978609626
@JumboPlus,04:5f:b9:e5:a8:e0,1,-71,954.6176470588234,251.9491978609626
Eng_Wi-Fi_Zone,64:d8:14:ef:e1:11,1,-58,954.6176470588234,251.9491978609626
@TOT_Wi-Fi,00:7e:95:cb:6f:27,1,-67,954.6176470588234,251.9491978609626
.@TRUEWIFI,00:7e:95:cb:6f:25,1,-67,954.6176470588234,251.9491978609626
@TOT_Wi-Fi,00:7e:95:c9:79:07,1,-45,954.6176470588234,251.9491978609626
.@AISSUPERWiFi,00:7e:95:c9:79:06,1,-45,954.6176470588234,251.9491978609626
.@TRUEWIFI,00:7e:95:c9:79:05,1,-45,954.6176470588234,251.9491978609626
@JumboPlusIoT,00:7e:95:c9:79:03,1,-45,954.6176470588234,251.9491978609626
@JumboPlus,00:7e:95:c5:2f:80,1,-66,954.6176470588234,251.9491978609626
@JumboPlus,00:7e:95:c9:79:00,1,-45,954.6176470588234,251.9491978609626
@TOT_Wi-Fi,00:7e:95:c5:2f:87,1,-65,954.6176470588234,251.9491978609626
@TOT_Wi-Fi,00:b6:70:59:5d:c7,11,-66,954.6176470588234,251.9491978609626
.@AISSUPERWiFi,00:b6:70:59:5d:c6,11,-66,954.6176470588234,251.9491978609626
.@TRUEWIFI,00:b6:70:59:5d:c5,11,-66,954.6176470588234,251.9491978609626
@JumboPlusIoT,00:b6:70:59:5d:c3,11,-66,954.6176470588234,251.9491978609626
@JumboPlus,00:b6:70:59:5d:c0,11,-66,954.6176470588234,251.9491978609626
@TOT_Wi-Fi,00:b6:70:59:95:67,11,-68,954.6176470588234,251.9491978609626
.@AISSUPERWiFi,00:b6:70:59:95:66,11,-68,954.6176470588234,251.9491978609626
.@TRUEWIFI,00:b6:70:59:95:65,11,-69,954.6176470588234,251.9491978609626
@JumboPlusIoT,00:b6:70:59:95:63,11,-68,954.6176470588234,251.9491978609626
@TOT_Wi-Fi,00:b6:70:5f:15:07,11,-66,954.6176470588234,251.9491978609626
.@AISSUPERWiFi,00:b6:70:5f:15:06,11,-65,954.6176470588234,251.9491978609626
.@TRUEWIFI,00:b6:70:5f:15:05,11,-65,954.6176470588234,251.9491978609626
@JumboPlusIoT,00:b6:70:5f:15:03,11,-65,954.6176470588234,251.9491978609626
@JumboPlus,00:b6:70:5f:15:00,11,-66,954.6176470588234,251.9491978609626
AISSMARTLogin,04:5f:b9:e5:d9:a6,36,-80,972.0864527629233,99.72103386809283
.@TrueMoveH,04:5f:b9:e5:d9:a7,36,-79,972.0864527629233,99.72103386809283
@TOT_Wi-Fi,04:5f:b9:e5:d9:a8,36,-79,972.0864527629233,99.72103386809283
@JumboPlusIoT,04:5f:b9:e5:d9:ac,36,-79,972.0864527629233,99.72103386809283
eduroam,04:5f:b9:e5:d9:ad,36,-79,972.0864527629233,99.72103386809283
AISSMARTLogin,00:b6:70:5f:15:06,36,-70,972.0864527629233,99.72103386809283
.@TrueMoveH,00:b6:70:5f:15:07,36,-70,972.0864527629233,99.72103386809283
@JumboPlus5GHz,04:5f:b9:e5:d9:ae,36,-79,972.0864527629233,99.72103386809283
@TOT_Wi-Fi,00:b6:70:5f:15:08,36,-69,972.0864527629233,99.72103386809283
@JumboPlusIoT,00:b6:70:5f:15:0c,36,-69,972.0864527629233,99.72103386809283
eduroam,00:b6:70:5f:15:0d,36,-69,972.0864527629233,99.72103386809283
@JumboPlus5GHz,00:b6:70:5f:15:0e,36,-69,972.0864527629233,99.72103386809283
@TOT_Wi-Fi,00:7e:95:cb:91:a7,1,-66,972.0864527629233,99.72103386809283
.@AISSUPERWiFi,00:7e:95:cb:91:a6,1,-67,972.0864527629233,99.72103386809283
.@TRUEWIFI,00:7e:95:cb:91:a5,1,-66,972.0864527629233,99.72103386809283
@TOT_Wi-Fi,00:7e:95:c9:79:07,1,-58,972.0864527629233,99.72103386809283
.@AISSUPERWiFi,00:7e:95:c9:79:06,1,-58,972.0864527629233,99.72103386809283
.@TRUEWIFI,00:7e:95:c9:79:05,1,-58,972.0864527629233,99.72103386809283
@JumboPlusIoT,00:7e:95:cb:91:a3,1,-66,972.0864527629233,99.72103386809283
@JumboPlusIoT,00:7e:95:c9:79:03,1,-58,972.0864527629233,99.72103386809283
@JumboPlus,00:7e:95:c9:79:00,1,-58,972.0864527629233,99.72103386809283
Eng_Wi-Fi_Zone,64:d8:14:ef:e1:11,1,-56,972.0864527629233,99.72103386809283
MCLab,74:ea:3a:d8:cc:10,11,-78,972.0864527629233,99.72103386809283
@TOT_Wi-Fi,00:b6:70:59:5d:c7,11,-59,972.0864527629233,99.72103386809283
.@AISSUPERWiFi,00:b6:70:59:5d:c6,11,-59,972.0864527629233,99.72103386809283
.@TRUEWIFI,00:b6:70:59:5d:c5,11,-59,972.0864527629233,99.72103386809283
@JumboPlusIoT,00:b6:70:59:5d:c3,11,-58,972.0864527629233,99.72103386809283
@JumboPlus,00:b6:70:59:5d:c0,11,-59,972.0864527629233,99.72103386809283
AISSMARTLogin,04:5f:b9:e5:d9:a6,36,-76,720.036541889483,92.23440285205004
.@TrueMoveH,04:5f:b9:e5:d9:a7,36,-76,720.036541889483,92.23440285205004
@TOT_Wi-Fi,04:5f:b9:e5:d9:a8,36,-76,720.036541889483,92.23440285205004
@JumboPlusIoT,04:5f:b9:e5:d9:ac,36,-76,720.036541889483,92.23440285205004
eduroam,04:5f:b9:e5:d9:ad,36,-76,720.036541889483,92.23440285205004
AISSMARTLogin,00:b6:70:5f:15:06,36,-72,720.036541889483,92.23440285205004
.@TrueMoveH,00:b6:70:5f:15:07,36,-72,720.036541889483,92.23440285205004
@JumboPlus5GHz,04:5f:b9:e5:d9:ae,36,-76,720.036541889483,92.23440285205004
@TOT_Wi-Fi,00:b6:70:5f:15:08,36,-72,720.036541889483,92.23440285205004
@JumboPlusIoT,00:b6:70:5f:15:0c,36,-72,720.036541889483,92.23440285205004
eduroam,00:b6:70:5f:15:0d,36,-72,720.036541889483,92.23440285205004
@JumboPlus5GHz,00:b6:70:5f:15:0e,36,-72,720.036541889483,92.23440285205004
@TOT_Wi-Fi,00:7e:95:c9:7b:67,11,-60,720.036541889483,92.23440285205004
.@AISSUPERWiFi,00:7e:95:c9:7b:66,11,-60,720.036541889483,92.23440285205004
.@TRUEWIFI,00:7e:95:c9:7b:65,11,-60,720.036541889483,92.23440285205004
@TOT_Wi-Fi,00:b6:70:5f:15:07,11,-68,720.036541889483,92.23440285205004
.@AISSUPERWiFi,00:b6:70:5f:15:06,11,-67,720.036541889483,92.23440285205004
.@TRUEWIFI,00:b6:70:5f:15:05,11,-67,720.036541889483,92.23440285205004
@JumboPlusIoT,00:7e:95:c9:7b:63,11,-60,720.036541889483,92.23440285205004
@JumboPlus,00:7e:95:c9:7b:60,11,-60,720.036541889483,92.23440285205004
@JumboPlus,00:7e:95:c9:d3:20,1,-75,720.036541889483,92.23440285205004
.@TRUEWIFI,00:7e:95:cb:91:a5,1,-68,720.036541889483,92.23440285205004
@JumboPlusIoT,00:7e:95:cb:91:a3,1,-68,720.036541889483,92.23440285205004
@JumboPlus,00:7e:95:cb:91:a0,1,-67,720.036541889483,92.23440285205004
@TOT_Wi-Fi,00:7e:95:c9:d3:27,1,-74,720.036541889483,92.23440285205004
.@AISSUPERWiFi,00:7e:95:c9:d3:26,1,-75,720.036541889483,92.23440285205004
@TOT_Wi-Fi,00:7e:95:cb:91:a7,1,-68,720.036541889483,92.23440285205004
.@AISSUPERWiFi,00:7e:95:cb:91:a6,1,-68,720.036541889483,92.23440285205004
.@TRUEWIFI,00:7e:95:c9:d3:25,1,-74,720.036541889483,92.23440285205004
@JumboPlusIoT,00:7e:95:c9:d3:23,1,-74,720.036541889483,92.23440285205004
LENOVO-wong,5a:fb:84:f4:62:30,1,-75,720.036541889483,92.23440285205004
@TOT_Wi-Fi,00:7e:95:c9:79:07,1,-51,720.036541889483,92.23440285205004
.@AISSUPERWiFi,04:5f:b9:e5:a8:e6,1,-63,720.036541889483,92.23440285205004
.@AISSUPERWiFi,00:7e:95:c9:79:06,1,-51,720.036541889483,92.23440285205004
.@TRUEWIFI,00:7e:95:c9:79:05,1,-51,720.036541889483,92.23440285205004
.@TRUEWIFI,04:5f:b9:e5:a8:e5,1,-63,720.036541889483,92.23440285205004
@JumboPlusIoT,00:7e:95:c9:79:03,1,-51,720.036541889483,92.23440285205004
@JumboPlus,00:7e:95:c9:79:00,1,-51,720.036541889483,92.23440285205004
Eng_Wi-Fi_Zone,64:d8:14:ef:e1:11,1,-56,720.036541889483,92.23440285205004
@JumboPlus5GHz,04:5f:b9:e5:d9:ae,36,-71,542.8529411764705,87.24331550802151
AISSMARTLogin,04:5f:b9:e5:d9:a6,36,-70,542.8529411764705,87.24331550802151
.@TrueMoveH,04:5f:b9:e5:d9:a7,36,-70,542.8529411764705,87.24331550802151
@TOT_Wi-Fi,04:5f:b9:e5:d9:a8,36,-70,542.8529411764705,87.24331550802151
@JumboPlusIoT,04:5f:b9:e5:d9:ac,36,-70,542.8529411764705,87.24331550802151
eduroam,04:5f:b9:e5:d9:ad,36,-70,542.8529411764705,87.24331550802151
AISSMARTLogin,00:b6:70:5f:15:06,36,-71,542.8529411764705,87.24331550802151
.@TrueMoveH,00:b6:70:5f:15:07,36,-71,542.8529411764705,87.24331550802151
@TOT_Wi-Fi,00:b6:70:5f:15:08,36,-71,542.8529411764705,87.24331550802151
@JumboPlusIoT,00:b6:70:5f:15:0c,36,-71,542.8529411764705,87.24331550802151
eduroam,00:b6:70:5f:15:0d,36,-71,542.8529411764705,87.24331550802151
@JumboPlus5GHz,00:b6:70:5f:15:0e,36,-71,542.8529411764705,87.24331550802151
@JumboPlus,00:7e:95:c9:79:00,1,-57,542.8529411764705,87.24331550802151
@TOT_Wi-Fi,00:b6:70:59:95:67,11,-72,542.8529411764705,87.24331550802151
.@AISSUPERWiFi,00:b6:70:59:95:66,11,-73,542.8529411764705,87.24331550802151
@TOT_Wi-Fi,04:5f:b9:e5:ac:e7,11,-63,542.8529411764705,87.24331550802151
@TOT_Wi-Fi,00:7e:95:c9:7b:67,11,-55,542.8529411764705,87.24331550802151
.@AISSUPERWiFi,00:7e:95:c9:7b:66,11,-55,542.8529411764705,87.24331550802151
.@TRUEWIFI,00:7e:95:c9:7b:65,11,-55,542.8529411764705,87.24331550802151
@JumboPlusIoT,00:7e:95:c9:7b:63,11,-55,542.8529411764705,87.24331550802151
@JumboPlus,00:7e:95:c9:7b:60,11,-55,542.8529411764705,87.24331550802151
.@AISSUPERWiFi,04:5f:b9:e5:ac:e6,11,-63,542.8529411764705,87.24331550802151
@JumboPlus,00:7e:95:c7:e8:e0,11,-68,542.8529411764705,87.24331550802151
ESP-79F858,2e:f4:32:79:f8:58,11,-71,542.8529411764705,87.24331550802151
@TOT_Wi-Fi,00:7e:95:c9:d3:27,1,-68,542.8529411764705,87.24331550802151
.@AISSUPERWiFi,00:7e:95:c9:d3:26,1,-68,542.8529411764705,87.24331550802151
.@TRUEWIFI,00:7e:95:c9:d3:25,1,-68,542.8529411764705,87.24331550802151
@JumboPlusIoT,00:7e:95:c9:d3:23,1,-68,542.8529411764705,87.24331550802151
@JumboPlus,00:7e:95:c9:d3:20,1,-68,542.8529411764705,87.24331550802151
.@AISSUPERWiFi,04:5f:b9:e5:a8:e6,1,-66,542.8529411764705,87.24331550802151
LENOVO-wong,5a:fb:84:f4:62:30,1,-77,542.8529411764705,87.24331550802151
Eng_Wi-Fi_Zone,64:d8:14:ef:e1:11,1,-53,542.8529411764705,87.24331550802151
.@TrueMoveH,00:7e:95:cb:17:e7,36,-81,295.7941176470588,64.78342245989313
@TOT_Wi-Fi,00:7e:95:cb:17:e8,36,-81,295.7941176470588,64.78342245989313
@JumboPlusIoT,00:7e:95:cb:17:ec,36,-82,295.7941176470588,64.78342245989313
@JumboPlusIoT,04:5f:b9:e5:d9:ac,36,-71,295.7941176470588,64.78342245989313
@TOT_Wi-Fi,04:5f:b9:e5:d9:a8,36,-71,295.7941176470588,64.78342245989313
.@TrueMoveH,04:5f:b9:e5:d9:a7,36,-71,295.7941176470588,64.78342245989313
AISSMARTLogin,04:5f:b9:e5:d9:a6,36,-71,295.7941176470588,64.78342245989313
eduroam,04:5f:b9:e5:d9:ad,36,-71,295.7941176470588,64.78342245989313
AISSMARTLogin,00:b6:70:5f:15:06,36,-60,295.7941176470588,64.78342245989313
.@TrueMoveH,00:b6:70:5f:15:07,36,-60,295.7941176470588,64.78342245989313
@JumboPlus5GHz,04:5f:b9:e5:d9:ae,36,-71,295.7941176470588,64.78342245989313
@TOT_Wi-Fi,00:b6:70:5f:15:08,36,-60,295.7941176470588,64.78342245989313
@JumboPlusIoT,00:b6:70:5f:15:0c,36,-60,295.7941176470588,64.78342245989313
eduroam,00:b6:70:5f:15:0d,36,-60,295.7941176470588,64.78342245989313
@JumboPlus5GHz,00:b6:70:5f:15:0e,36,-60,295.7941176470588,64.78342245989313
@TOT_Wi-Fi,00:7e:95:c7:e8:e7,11,-72,295.7941176470588,64.78342245989313
@TOT_Wi-Fi,00:b6:70:5f:15:07,11,-62,295.7941176470588,64.78342245989313
.@AISSUPERWiFi,04:5f:b9:e5:ac:e6,11,-73,295.7941176470588,64.78342245989313
.@TRUEWIFI,00:b6:70:5f:15:05,11,-61,295.7941176470588,64.78342245989313
@JumboPlus,00:b6:70:5f:15:00,11,-62,295.7941176470588,64.78342245989313
@TOT_Wi-Fi,00:7e:95:c9:7b:67,11,-59,295.7941176470588,64.78342245989313
.@AISSUPERWiFi,00:7e:95:c9:7b:66,11,-59,295.7941176470588,64.78342245989313
.@TRUEWIFI,00:7e:95:c9:7b:65,11,-59,295.7941176470588,64.78342245989313
@JumboPlusIoT,00:7e:95:c9:7b:63,11,-59,295.7941176470588,64.78342245989313
@JumboPlus,00:7e:95:c9:7b:60,11,-59,295.7941176470588,64.78342245989313
@JumboPlusIoT,04:5f:b9:e5:a8:e3,1,-62,295.7941176470588,64.78342245989313
@JumboPlus,04:5f:b9:e5:a8:e0,1,-62,295.7941176470588,64.78342245989313
@JumboPlusIoT,00:7e:95:c9:79:03,1,-63,295.7941176470588,64.78342245989313
@TOT_Wi-Fi,00:7e:95:c9:79:07,1,-63,295.7941176470588,64.78342245989313
.@AISSUPERWiFi,00:7e:95:c9:79:06,1,-63,295.7941176470588,64.78342245989313
@TOT_Wi-Fi,00:7e:95:c9:d3:27,1,-64,295.7941176470588,64.78342245989313
.@TRUEWIFI,00:7e:95:c9:79:05,1,-63,295.7941176470588,64.78342245989313
.@AISSUPERWiFi,00:7e:95:c9:d3:26,1,-64,295.7941176470588,64.78342245989313
.@TRUEWIFI,00:7e:95:c9:d3:25,1,-64,295.7941176470588,64.78342245989313
@JumboPlus,00:7e:95:c9:79:00,1,-63,295.7941176470588,64.78342245989313
@JumboPlusIoT,00:7e:95:c9:d3:23,1,-64,295.7941176470588,64.78342245989313
@TOT_Wi-Fi,04:5f:b9:e5:a8:e7,1,-62,295.7941176470588,64.78342245989313
.@AISSUPERWiFi,04:5f:b9:e5:a8:e6,1,-61,295.7941176470588,64.78342245989313
.@TRUEWIFI,04:5f:b9:e5:a8:e5,1,-61,295.7941176470588,64.78342245989313
Eng_Wi-Fi_Zone,64:d8:14:ef:e1:11,1,-54,295.7941176470588,64.78342245989313
@TOT_Wi-Fi,04:5f:b9:e5:d9:a7,1,-72,295.7941176470588,64.78342245989313
@JumboPlus,00:7e:95:c9:79:00,1,-63,253.3698752228163,548.9188948306596
@JumboPlusIoT,00:7e:95:c9:42:cc,36,-80,253.3698752228163,548.9188948306596
AISSMARTLogin,04:5f:b9:e5:d9:a6,36,-80,253.3698752228163,548.9188948306596
.@TrueMoveH,04:5f:b9:e5:d9:a7,36,-80,253.3698752228163,548.9188948306596
AISSMARTLogin,00:b6:70:5f:15:06,36,-73,253.3698752228163,548.9188948306596
.@TrueMoveH,00:b6:70:5f:15:07,36,-72,253.3698752228163,548.9188948306596
@TOT_Wi-Fi,00:b6:70:5f:15:08,36,-72,253.3698752228163,548.9188948306596
@JumboPlusIoT,00:b6:70:5f:15:0c,36,-73,253.3698752228163,548.9188948306596
eduroam,00:b6:70:5f:15:0d,36,-73,253.3698752228163,548.9188948306596
@JumboPlus5GHz,00:b6:70:5f:15:0e,36,-72,253.3698752228163,548.9188948306596
@JumboPlusIoT,00:b6:70:5f:15:03,11,-68,253.3698752228163,548.9188948306596
@TOT_Wi-Fi,00:b6:70:5f:15:07,11,-68,253.3698752228163,548.9188948306596
.@AISSUPERWiFi,00:b6:70:5f:15:06,11,-68,253.3698752228163,548.9188948306596
@TOT_Wi-Fi,00:b6:70:59:95:67,11,-69,253.3698752228163,548.9188948306596
.@TRUEWIFI,04:5f:b9:e5:1f:a5,11,-61,253.3698752228163,548.9188948306596
@JumboPlus,00:b6:70:5f:15:00,11,-68,253.3698752228163,548.9188948306596
.@AISSUPERWiFi,00:b6:70:59:95:66,11,-68,253.3698752228163,548.9188948306596
@TOT_Wi-Fi,04:5f:b9:e5:1f:a7,11,-61,253.3698752228163,548.9188948306596
.@AISSUPERWiFi,04:5f:b9:e5:1f:a6,11,-61,253.3698752228163,548.9188948306596
@JumboPlusIoT,04:5f:b9:e5:1f:a3,11,-61,253.3698752228163,548.9188948306596
@JumboPlus,04:5f:b9:e5:1f:a0,11,-60,253.3698752228163,548.9188948306596
@TOT_Wi-Fi,00:7e:95:c5:06:67,1,-64,253.3698752228163,548.9188948306596
.@AISSUPERWiFi,00:7e:95:c5:06:66,1,-64,253.3698752228163,548.9188948306596
.@TRUEWIFI,00:7e:95:c5:06:65,1,-65,253.3698752228163,548.9188948306596
@JumboPlusIoT,00:7e:95:c5:06:63,1,-64,253.3698752228163,548.9188948306596
@JumboPlus,00:7e:95:c5:06:60,1,-65,253.3698752228163,548.9188948306596
@TOT_Wi-Fi,04:5f:b9:e5:d9:a7,1,-74,253.3698752228163,548.9188948306596
.@AISSUPERWiFi,04:5f:b9:e5:d9:a6,1,-74,253.3698752228163,548.9188948306596
.@TRUEWIFI,04:5f:b9:e5:a8:e5,1,-68,253.3698752228163,548.9188948306596
@JumboPlus,04:5f:b9:e5:a8:e0,1,-68,253.3698752228163,548.9188948306596
Eng_Wi-Fi_Zone,64:d8:14:ef:e1:11,1,-38,253.3698752228163,548.9188948306596
eduroam,00:7e:95:c9:42:cd,36,-83,428.05793226381456,546.4233511586453
@TOT_Wi-Fi,00:7e:95:c9:42:c8,36,-82,428.05793226381456,546.4233511586453
AISSMARTLogin,04:5f:b9:e5:d9:a6,36,-80,428.05793226381456,546.4233511586453
.@TrueMoveH,04:5f:b9:e5:d9:a7,36,-81,428.05793226381456,546.4233511586453
@TOT_Wi-Fi,04:5f:b9:e5:d9:a8,36,-80,428.05793226381456,546.4233511586453
@JumboPlusIoT,04:5f:b9:e5:d9:ac,36,-81,428.05793226381456,546.4233511586453
eduroam,04:5f:b9:e5:d9:ad,36,-80,428.05793226381456,546.4233511586453
AISSMARTLogin,00:b6:70:5f:15:06,36,-68,428.05793226381456,546.4233511586453
.@TrueMoveH,00:b6:70:5f:15:07,36,-68,428.05793226381456,546.4233511586453
@JumboPlus5GHz,04:5f:b9:e5:d9:ae,36,-81,428.05793226381456,546.4233511586453
@TOT_Wi-Fi,00:b6:70:5f:15:08,36,-68,428.05793226381456,546.4233511586453
@JumboPlusIoT,00:b6:70:5f:15:0c,36,-68,428.05793226381456,546.4233511586453
eduroam,00:b6:70:5f:15:0d,36,-69,428.05793226381456,546.4233511586453
@JumboPlus5GHz,00:b6:70:5f:15:0e,36,-68,428.05793226381456,546.4233511586453
.@TRUEWIFI,00:7e:95:c9:7b:65,11,-71,428.05793226381456,546.4233511586453
@TOT_Wi-Fi,00:7e:95:c9:7b:67,11,-73,428.05793226381456,546.4233511586453
.@TRUEWIFI,00:b6:70:5f:15:05,11,-69,428.05793226381456,546.4233511586453
@TOT_Wi-Fi,00:b6:70:59:5d:c7,11,-69,428.05793226381456,546.4233511586453
.@AISSUPERWiFi,00:b6:70:59:5d:c6,11,-69,428.05793226381456,546.4233511586453
.@TRUEWIFI,00:b6:70:59:5d:c5,11,-69,428.05793226381456,546.4233511586453
@JumboPlus,00:b6:70:59:5d:c0,11,-69,428.05793226381456,546.4233511586453
@TOT_Wi-Fi,00:b6:70:59:95:67,11,-61,428.05793226381456,546.4233511586453
.@AISSUPERWiFi,00:b6:70:59:95:66,11,-61,428.05793226381456,546.4233511586453
.@TRUEWIFI,00:b6:70:59:95:65,11,-62,428.05793226381456,546.4233511586453
@JumboPlusIoT,00:b6:70:59:95:63,11,-61,428.05793226381456,546.4233511586453
@JumboPlus,00:b6:70:59:95:60,11,-61,428.05793226381456,546.4233511586453
@TOT_Wi-Fi,04:5f:b9:e5:ac:e7,11,-70,428.05793226381456,546.4233511586453
.@AISSUPERWiFi,04:5f:b9:e5:ac:e6,11,-70,428.05793226381456,546.4233511586453
@JumboPlusIoT,04:5f:b9:e5:1f:a3,11,-69,428.05793226381456,546.4233511586453
@TOT_Wi-Fi,00:7e:95:cb:0d:87,1,-76,428.05793226381456,546.4233511586453
.@TRUEWIFI,00:7e:95:cb:6f:25,1,-66,428.05793226381456,546.4233511586453
.@AISSUPERWiFi,00:7e:95:cb:0d:86,1,-77,428.05793226381456,546.4233511586453
@JumboPlusIoT,00:7e:95:cb:6f:23,1,-66,428.05793226381456,546.4233511586453
@TOT_Wi-Fi,00:7e:95:c5:2f:87,1,-70,428.05793226381456,546.4233511586453
.@TRUEWIFI,00:7e:95:c5:2f:85,1,-70,428.05793226381456,546.4233511586453
@TOT_Wi-Fi,00:7e:95:c5:06:67,1,-69,428.05793226381456,546.4233511586453
.@AISSUPERWiFi,00:7e:95:c5:06:66,1,-69,428.05793226381456,546.4233511586453
.@TRUEWIFI,00:7e:95:c5:06:65,1,-69,428.05793226381456,546.4233511586453
@JumboPlusIoT,00:7e:95:c5:06:63,1,-69,428.05793226381456,546.4233511586453
@TOT_Wi-Fi,00:7e:95:cb:6f:27,1,-66,428.05793226381456,546.4233511586453
LENOVO-wong,5a:fb:84:f4:62:30,1,-82,428.05793226381456,546.4233511586453
.@AISSUPERWiFi,00:7e:95:c9:79:06,1,-62,428.05793226381456,546.4233511586453
.@TRUEWIFI,00:7e:95:c9:79:05,1,-63,428.05793226381456,546.4233511586453
Eng_Wi-Fi_Zone,64:d8:14:ef:e1:11,1,-35,428.05793226381456,546.4233511586453
@JumboPlus,00:7e:95:c9:79:00,1,-61,428.05793226381456,546.4233511586453
AISSMARTLogin,04:5f:b9:e5:d9:a6,36,-83,615.2237076648842,543.9278074866311
.@TrueMoveH,04:5f:b9:e5:d9:a7,36,-83,615.2237076648842,543.9278074866311
AISSMARTLogin,00:7e:95:cb:17:e6,36,-81,615.2237076648842,543.9278074866311
.@TrueMoveH,00:7e:95:cb:17:e7,36,-81,615.2237076648842,543.9278074866311
@TOT_Wi-Fi,00:7e:95:cb:17:e8,36,-81,615.2237076648842,543.9278074866311
AISSMARTLogin,00:b6:70:5f:15:06,36,-73,615.2237076648842,543.9278074866311
@JumboPlusIoT,00:7e:95:cb:17:ec,36,-81,615.2237076648842,543.9278074866311
.@TrueMoveH,00:b6:70:5f:15:07,36,-72,615.2237076648842,543.9278074866311
@TOT_Wi-Fi,00:b6:70:5f:15:08,36,-73,615.2237076648842,543.9278074866311
@JumboPlusIoT,00:b6:70:5f:15:0c,36,-73,615.2237076648842,543.9278074866311
eduroam,00:b6:70:5f:15:0d,36,-73,615.2237076648842,543.9278074866311
@JumboPlus5GHz,00:b6:70:5f:15:0e,36,-73,615.2237076648842,543.9278074866311
.@AISSUPERWiFi,00:b6:70:5f:15:06,11,-66,615.2237076648842,543.9278074866311
@JumboPlus,00:b6:70:5f:15:00,11,-66,615.2237076648842,543.9278074866311
.@TRUEWIFI,00:b6:70:5f:15:05,11,-66,615.2237076648842,543.9278074866311
@TOT_Wi-Fi,00:b6:70:5f:15:07,11,-66,615.2237076648842,543.9278074866311
@TOT_Wi-Fi,00:b6:70:59:90:07,11,-69,615.2237076648842,543.9278074866311
@TOT_Wi-Fi,00:7e:95:c9:7b:67,11,-73,615.2237076648842,543.9278074866311
@JumboPlusIoT,00:b6:70:5f:15:03,11,-66,615.2237076648842,543.9278074866311
.@AISSUPERWiFi,00:b6:70:59:90:06,11,-68,615.2237076648842,543.9278074866311
.@TRUEWIFI,00:b6:70:59:90:05,11,-69,615.2237076648842,543.9278074866311
@TOT_Wi-Fi,00:b6:70:59:95:67,11,-52,615.2237076648842,543.9278074866311
.@AISSUPERWiFi,00:b6:70:59:95:66,11,-52,615.2237076648842,543.9278074866311
.@TRUEWIFI,00:b6:70:59:95:65,11,-52,615.2237076648842,543.9278074866311
@JumboPlusIoT,00:b6:70:59:95:63,11,-52,615.2237076648842,543.9278074866311
@JumboPlus,00:b6:70:59:90:00,11,-69,615.2237076648842,543.9278074866311
@JumboPlus,00:b6:70:59:95:60,11,-52,615.2237076648842,543.9278074866311
.@AISSUPERWiFi,00:7e:95:c9:d3:26,1,-71,615.2237076648842,543.9278074866311
.@TRUEWIFI,00:7e:95:c9:d3:25,1,-72,615.2237076648842,543.9278074866311
@JumboPlusIoT,00:7e:95:c9:d3:23,1,-73,615.2237076648842,543.9278074866311
@TOT_Wi-Fi,00:7e:95:c9:d3:27,1,-72,615.2237076648842,543.9278074866311
LENOVO-wong,5a:fb:84:f4:62:30,1,-78,615.2237076648842,543.9278074866311
@TOT_Wi-Fi,00:7e:95:cb:6f:27,1,-56,615.2237076648842,543.9278074866311
.@AISSUPERWiFi,00:7e:95:c9:79:06,1,-55,615.2237076648842,543.9278074866311
.@AISSUPERWiFi,00:7e:95:cb:6f:26,1,-56,615.2237076648842,543.9278074866311
.@TRUEWIFI,00:7e:95:cb:6f:25,1,-56,615.2237076648842,543.9278074866311
@JumboPlusIoT,00:7e:95:cb:6f:23,1,-56,615.2237076648842,543.9278074866311
@JumboPlus,00:7e:95:cb:6f:20,1,-56,615.2237076648842,543.9278074866311
Eng_Wi-Fi_Zone,64:d8:14:ef:e1:11,1,-43,615.2237076648842,543.9278074866311
@JumboPlus,00:7e:95:c9:79:00,1,-55,615.2237076648842,543.9278074866311
AISSMARTLogin,04:5f:b9:e5:d9:a6,36,-79,797.398395721925,541.4322638146168
.@TrueMoveH,04:5f:b9:e5:d9:a7,36,-79,797.398395721925,541.4322638146168
@TOT_Wi-Fi,04:5f:b9:e5:d9:a8,36,-79,797.398395721925,541.4322638146168
@JumboPlusIoT,04:5f:b9:e5:d9:ac,36,-79,797.398395721925,541.4322638146168
eduroam,04:5f:b9:e5:d9:ad,36,-79,797.398395721925,541.4322638146168
AISSMARTLogin,00:b6:70:5f:15:06,36,-76,797.398395721925,541.4322638146168
.@TrueMoveH,00:b6:70:5f:15:07,36,-77,797.398395721925,541.4322638146168
@JumboPlus5GHz,04:5f:b9:e5:d9:ae,36,-79,797.398395721925,541.4322638146168
@TOT_Wi-Fi,00:b6:70:5f:15:08,36,-76,797.398395721925,541.4322638146168
@JumboPlusIoT,00:b6:70:5f:15:0c,36,-77,797.398395721925,541.4322638146168
eduroam,00:b6:70:5f:15:0d,36,-76,797.398395721925,541.4322638146168
@JumboPlus5GHz,00:b6:70:5f:15:0e,36,-76,797.398395721925,541.4322638146168
.@AISSUPERWiFi,00:b6:70:59:95:66,11,-62,797.398395721925,541.4322638146168
@TOT_Wi-Fi,00:b6:70:59:5d:c7,11,-69,797.398395721925,541.4322638146168
@TOT_Wi-Fi,00:7e:95:c9:7b:67,11,-71,797.398395721925,541.4322638146168
.@AISSUPERWiFi,00:7e:95:c9:7b:66,11,-71,797.398395721925,541.4322638146168
.@TRUEWIFI,00:7e:95:c9:7b:65,11,-71,797.398395721925,541.4322638146168
@JumboPlusIoT,00:7e:95:c9:7b:63,11,-71,797.398395721925,541.4322638146168
@TOT_Wi-Fi,00:b6:70:59:95:67,11,-63,797.398395721925,541.4322638146168
.@TRUEWIFI,00:b6:70:59:95:65,11,-62,797.398395721925,541.4322638146168
@JumboPlusIoT,00:b6:70:59:95:63,11,-62,797.398395721925,541.4322638146168
@TOT_Wi-Fi,00:7e:95:c5:06:67,1,-70,797.398395721925,541.4322638146168
.@AISSUPERWiFi,00:7e:95:c5:06:66,1,-72,797.398395721925,541.4322638146168
@JumboPlus,00:7e:95:c5:06:60,1,-71,797.398395721925,541.4322638146168
@TOT_Wi-Fi,04:5f:b9:e5:a8:e7,1,-73,797.398395721925,541.4322638146168
.@AISSUPERWiFi,04:5f:b9:e5:a8:e6,1,-73,797.398395721925,541.4322638146168
.@TRUEWIFI,04:5f:b9:e5:a8:e5,1,-73,797.398395721925,541.4322638146168
@JumboPlusIoT,04:5f:b9:e5:a8:e3,1,-73,797.398395721925,541.4322638146168
@JumboPlus,04:5f:b9:e5:a8:e0,1,-73,797.398395721925,541.4322638146168
@TOT_Wi-Fi,00:7e:95:cb:91:a7,1,-71,797.398395721925,541.4322638146168
.@AISSUPERWiFi,00:7e:95:c5:2f:86,1,-62,797.398395721925,541.4322638146168
.@TRUEWIFI,00:7e:95:c5:2f:85,1,-62,797.398395721925,541.4322638146168
@JumboPlus,00:7e:95:c5:2f:80,1,-62,797.398395721925,541.4322638146168
@JumboPlus,00:7e:95:cb:6f:20,1,-60,797.398395721925,541.4322638146168
@TOT_Wi-Fi,00:7e:95:cb:6f:27,1,-60,797.398395721925,541.4322638146168
@TOT_Wi-Fi,00:7e:95:c9:79:07,1,-53,797.398395721925,541.4322638146168
.@AISSUPERWiFi,00:7e:95:cb:6f:26,1,-59,797.398395721925,541.4322638146168
.@AISSUPERWiFi,00:7e:95:c9:79:06,1,-53,797.398395721925,541.4322638146168
.@TRUEWIFI,00:7e:95:cb:6f:25,1,-60,797.398395721925,541.4322638146168
@JumboPlusIoT,00:7e:95:cb:6f:23,1,-60,797.398395721925,541.4322638146168
.@TRUEWIFI,00:7e:95:c9:79:05,1,-53,797.398395721925,541.4322638146168
Eng_Wi-Fi_Zone,64:d8:14:ef:e1:11,1,-54,797.398395721925,541.4322638146168
@JumboPlusIoT,00:7e:95:c9:79:03,1,-53,797.398395721925,541.4322638146168
@JumboPlus,00:7e:95:c9:79:00,1,-53,797.398395721925,541.4322638146168
@TOT_Wi-Fi,04:5f:b9:e5:d9:a8,36,-83,1004.5285204991087,543.9278074866311
eduroam,04:5f:b9:e5:d9:ad,36,-82,1004.5285204991087,543.9278074866311
AISSMARTLogin,04:5f:b9:e5:d9:a6,36,-83,1004.5285204991087,543.9278074866311
.@TrueMoveH,04:5f:b9:e5:d9:a7,36,-83,1004.5285204991087,543.9278074866311
@JumboPlusIoT,04:5f:b9:e5:d9:ac,36,-83,1004.5285204991087,543.9278074866311
AISSMARTLogin,00:b6:70:5f:15:06,36,-79,1004.5285204991087,543.9278074866311
.@TrueMoveH,00:b6:70:5f:15:07,36,-79,1004.5285204991087,543.9278074866311
@TOT_Wi-Fi,00:b6:70:5f:15:08,36,-79,1004.5285204991087,543.9278074866311
@JumboPlusIoT,00:b6:70:5f:15:0c,36,-79,1004.5285204991087,543.9278074866311
@JumboPlus5GHz,04:5f:b9:e5:d9:ae,36,-82,1004.5285204991087,543.9278074866311
eduroam,00:b6:70:5f:15:0d,36,-79,1004.5285204991087,543.9278074866311
@JumboPlus5GHz,00:b6:70:5f:15:0e,36,-79,1004.5285204991087,543.9278074866311
@JumboPlusIoT,00:b6:70:59:5d:c3,11,-71,1004.5285204991087,543.9278074866311
@TOT_Wi-Fi,00:b6:70:59:5d:c7,11,-71,1004.5285204991087,543.9278074866311
.@AISSUPERWiFi,00:b6:70:59:5d:c6,11,-70,1004.5285204991087,543.9278074866311
.@TRUEWIFI,00:b6:70:59:5d:c5,11,-70,1004.5285204991087,543.9278074866311
@TOT_Wi-Fi,00:b6:70:59:95:67,11,-66,1004.5285204991087,543.9278074866311
.@AISSUPERWiFi,00:b6:70:59:95:66,11,-67,1004.5285204991087,543.9278074866311
.@TRUEWIFI,00:b6:70:59:95:65,11,-66,1004.5285204991087,543.9278074866311
@JumboPlusIoT,00:b6:70:59:95:63,11,-66,1004.5285204991087,543.9278074866311
@JumboPlus,00:b6:70:59:95:60,11,-66,1004.5285204991087,543.9278074866311
@TOT_Wi-Fi,04:5f:b9:e5:a8:e7,1,-75,1004.5285204991087,543.9278074866311
.@AISSUPERWiFi,04:5f:b9:e5:a8:e6,1,-75,1004.5285204991087,543.9278074866311
@TOT_Wi-Fi,00:7e:95:cb:6f:27,1,-67,1004.5285204991087,543.9278074866311
@JumboPlus,04:5f:b9:e5:a8:e0,1,-76,1004.5285204991087,543.9278074866311
@TOT_Wi-Fi,00:7e:95:c9:79:07,1,-50,1004.5285204991087,543.9278074866311
.@AISSUPERWiFi,00:7e:95:c9:79:06,1,-50,1004.5285204991087,543.9278074866311
.@TRUEWIFI,00:7e:95:c9:79:05,1,-50,1004.5285204991087,543.9278074866311
@JumboPlusIoT,00:7e:95:c9:79:03,1,-51,1004.5285204991087,543.9278074866311
@JumboPlus,00:7e:95:c9:79:00,1,-50,1004.5285204991087,543.9278074866311
.@AISSUPERWiFi,00:7e:95:cb:6f:26,1,-68,1004.5285204991087,543.9278074866311
.@TRUEWIFI,00:7e:95:cb:6f:25,1,-67,1004.5285204991087,543.9278074866311
@JumboPlusIoT,00:7e:95:cb:6f:23,1,-68,1004.5285204991087,543.9278074866311
@JumboPlusIoT,00:7e:95:cb:91:a3,1,-74,1004.5285204991087,543.9278074866311
@JumboPlusIoT,04:5f:b9:e5:81:c3,1,-76,1004.5285204991087,543.9278074866311
@JumboPlus,00:7e:95:cb:6f:20,1,-68,1004.5285204991087,543.9278074866311
@TOT_Wi-Fi,00:7e:95:cb:91:a7,1,-72,1004.5285204991087,543.9278074866311
@JumboPlus,00:7e:95:cb:91:a0,1,-72,1004.5285204991087,543.9278074866311
.@AISSUPERWiFi,00:7e:95:cb:91:a6,1,-73,1004.5285204991087,543.9278074866311
.@TRUEWIFI,00:7e:95:cb:91:a5,1,-72,1004.5285204991087,543.9278074866311
@TOT_Wi-Fi,00:7e:95:c5:2f:87,1,-60,1004.5285204991087,543.9278074866311
.@AISSUPERWiFi,00:7e:95:c5:2f:86,1,-60,1004.5285204991087,543.9278074866311
Eng_Wi-Fi_Zone,64:d8:14:ef:e1:11,1,-56,1004.5285204991087,543.9278074866311
@JumboPlus,00:7e:95:c9:79:00,1,-50,1044.457219251337,371.73529411764713
eduroam,04:5f:b9:e5:d9:ad,36,-86,1044.457219251337,371.73529411764713
AISSMARTLogin,04:5f:b9:e5:d9:a6,36,-86,1044.457219251337,371.73529411764713
AISSMARTLogin,00:b6:70:5f:15:06,36,-74,1044.457219251337,371.73529411764713
.@TrueMoveH,00:b6:70:5f:15:07,36,-75,1044.457219251337,371.73529411764713
@TOT_Wi-Fi,00:b6:70:5f:15:08,36,-74,1044.457219251337,371.73529411764713
@JumboPlusIoT,00:b6:70:5f:15:0c,36,-74,1044.457219251337,371.73529411764713
eduroam,00:b6:70:5f:15:0d,36,-75,1044.457219251337,371.73529411764713
@JumboPlus5GHz,00:b6:70:5f:15:0e,36,-74,1044.457219251337,371.73529411764713
@JumboPlus,00:b6:70:5f:15:00,11,-71,1044.457219251337,371.73529411764713
@TOT_Wi-Fi,00:b6:70:5f:15:07,11,-70,1044.457219251337,371.73529411764713
.@AISSUPERWiFi,00:b6:70:5f:15:06,11,-70,1044.457219251337,371.73529411764713
.@TRUEWIFI,00:b6:70:5f:15:05,11,-71,1044.457219251337,371.73529411764713
@JumboPlusIoT,00:b6:70:5f:15:03,11,-71,1044.457219251337,371.73529411764713
@TOT_Wi-Fi,00:7e:95:cb:6f:27,1,-75,1044.457219251337,371.73529411764713
@TOT_Wi-Fi,00:7e:95:c5:2f:87,1,-63,1044.457219251337,371.73529411764713
.@TRUEWIFI,00:7e:95:c5:2f:85,1,-63,1044.457219251337,371.73529411764713
@TOT_Wi-Fi,00:7e:95:cb:91:a7,1,-63,1044.457219251337,371.73529411764713
Eng_Wi-Fi_Zone,64:d8:14:ef:e1:11,1,-55,1044.457219251337,371.73529411764713
.@TRUEWIFI,00:7e:95:cb:91:a5,1,-66,1044.457219251337,371.73529411764713
@JumboPlusIoT,00:7e:95:cb:91:a3,1,-66,1044.457219251337,371.73529411764713
.@AISSUPERWiFi,00:7e:95:c9:76:46,1,-72,1044.457219251337,371.73529411764713
@JumboPlusIoT,00:7e:95:c9:76:43,1,-72,1044.457219251337,371.73529411764713
@TOT_Wi-Fi,00:7e:95:c9:76:47,1,-72,1044.457219251337,371.73529411764713
.@TRUEWIFI,00:7e:95:cb:6f:25,1,-75,1044.457219251337,371.73529411764713
.@TRUEWIFI,00:7e:95:c9:76:45,1,-72,1044.457219251337,371.73529411764713
@TOT_Wi-Fi,04:5f:b9:e5:a8:e7,1,-70,1044.457219251337,371.73529411764713
@JumboPlus,00:7e:95:c9:76:40,1,-72,1044.457219251337,371.73529411764713
AISSMARTLogin,00:b6:70:5f:15:06,36,-75,1034.4750445632799,236.97593582887714
.@TrueMoveH,00:b6:70:5f:15:07,36,-76,1034.4750445632799,236.97593582887714
@TOT_Wi-Fi,00:b6:70:5f:15:08,36,-75,1034.4750445632799,236.97593582887714
@JumboPlusIoT,00:b6:70:5f:15:0c,36,-75,1034.4750445632799,236.97593582887714
eduroam,00:b6:70:5f:15:0d,36,-75,1034.4750445632799,236.97593582887714
@JumboPlus5GHz,00:b6:70:5f:15:0e,36,-75,1034.4750445632799,236.97593582887714
@JumboPlus,00:b6:70:5f:15:00,11,-68,1034.4750445632799,236.97593582887714
@JumboPlusIoT,00:b6:70:59:95:63,11,-73,1034.4750445632799,236.97593582887714
@JumboPlus,00:b6:70:59:95:60,11,-72,1034.4750445632799,236.97593582887714
@TOT_Wi-Fi,00:7e:95:cb:0d:87,1,-73,1034.4750445632799,236.97593582887714
.@TRUEWIFI,00:7e:95:cb:6f:25,1,-72,1034.4750445632799,236.97593582887714
@JumboPlusIoT,00:7e:95:cb:6f:23,1,-72,1034.4750445632799,236.97593582887714
@TOT_Wi-Fi,00:7e:95:c5:2f:87,1,-68,1034.4750445632799,236.97593582887714
.@TRUEWIFI,00:7e:95:c5:2f:85,1,-69,1034.4750445632799,236.97593582887714
@JumboPlusIoT,00:7e:95:c5:2f:83,1,-69,1034.4750445632799,236.97593582887714
@JumboPlus,00:7e:95:c5:2f:80,1,-69,1034.4750445632799,236.97593582887714
@TOT_Wi-Fi,00:7e:95:cb:6f:27,1,-72,1034.4750445632799,236.97593582887714
Eng_Wi-Fi_Zone,64:d8:14:ef:e1:11,1,-58,1034.4750445632799,236.97593582887714
.@AISSUPERWiFi,00:7e:95:cb:6f:26,1,-72,1034.4750445632799,236.97593582887714
@TOT_Wi-Fi,00:7e:95:cb:91:a7,1,-62,1034.4750445632799,236.97593582887714
.@AISSUPERWiFi,00:7e:95:cb:91:a6,1,-62,1034.4750445632799,236.97593582887714
.@TRUEWIFI,00:7e:95:cb:91:a5,1,-62,1034.4750445632799,236.97593582887714
.@AISSUPERWiFi,00:7e:95:c5:2f:86,1,-69,1034.4750445632799,236.97593582887714
@TOT_Wi-Fi,00:7e:95:c9:79:07,1,-49,1034.4750445632799,236.97593582887714
.@AISSUPERWiFi,00:7e:95:c9:79:06,1,-49,1034.4750445632799,236.97593582887714
@JumboPlusIoT,00:7e:95:cb:91:a3,1,-62,1034.4750445632799,236.97593582887714
.@TRUEWIFI,00:7e:95:c9:79:05,1,-49,1034.4750445632799,236.97593582887714
@JumboPlusIoT,00:7e:95:c9:79:03,1,-49,1034.4750445632799,236.97593582887714
@JumboPlus,00:7e:95:c9:79:00,1,-49,1034.4750445632799,236.97593582887714
AISSMARTLogin,04:5f:b9:e5:d9:a6,36,-78,1034.4750445632799,92.23440285205004
.@TrueMoveH,04:5f:b9:e5:d9:a7,36,-77,1034.4750445632799,92.23440285205004
@TOT_Wi-Fi,04:5f:b9:e5:d9:a8,36,-78,1034.4750445632799,92.23440285205004
@JumboPlusIoT,04:5f:b9:e5:d9:ac,36,-78,1034.4750445632799,92.23440285205004
eduroam,04:5f:b9:e5:d9:ad,36,-78,1034.4750445632799,92.23440285205004
AISSMARTLogin,00:b6:70:5f:15:06,36,-78,1034.4750445632799,92.23440285205004
.@TrueMoveH,00:b6:70:5f:15:07,36,-78,1034.4750445632799,92.23440285205004
@JumboPlus5GHz,04:5f:b9:e5:d9:ae,36,-78,1034.4750445632799,92.23440285205004
@TOT_Wi-Fi,00:b6:70:5f:15:08,36,-78,1034.4750445632799,92.23440285205004
@JumboPlusIoT,00:b6:70:5f:15:0c,36,-78,1034.4750445632799,92.23440285205004
eduroam,00:b6:70:5f:15:0d,36,-78,1034.4750445632799,92.23440285205004
@JumboPlus5GHz,00:b6:70:5f:15:0e,36,-78,1034.4750445632799,92.23440285205004
@TOT_Wi-Fi,00:b6:70:59:5d:c7,11,-60,1034.4750445632799,92.23440285205004
.@AISSUPERWiFi,00:b6:70:59:5d:c6,11,-60,1034.4750445632799,92.23440285205004
.@TRUEWIFI,00:b6:70:59:5d:c5,11,-60,1034.4750445632799,92.23440285205004
@JumboPlusIoT,00:b6:70:59:5d:c3,11,-60,1034.4750445632799,92.23440285205004
@JumboPlus,00:b6:70:59:5d:c0,11,-60,1034.4750445632799,92.23440285205004
@TOT_Wi-Fi,00:b6:70:59:95:67,11,-69,1034.4750445632799,92.23440285205004
.@AISSUPERWiFi,00:b6:70:59:95:66,11,-70,1034.4750445632799,92.23440285205004
.@TRUEWIFI,00:b6:70:59:95:65,11,-70,1034.4750445632799,92.23440285205004
@JumboPlusIoT,00:b6:70:59:95:63,11,-69,1034.4750445632799,92.23440285205004
@JumboPlus,00:b6:70:59:95:60,11,-69,1034.4750445632799,92.23440285205004
@JumboPlusIoT,00:7e:95:cb:91:a3,1,-70,1034.4750445632799,92.23440285205004
@TOT_Wi-Fi,00:7e:95:c5:1a:a7,1,-70,1034.4750445632799,92.23440285205004
@TOT_Wi-Fi,00:7e:95:cb:91:a7,1,-71,1034.4750445632799,92.23440285205004
@TOT_Wi-Fi,00:7e:95:c9:79:07,1,-54,1034.4750445632799,92.23440285205004
.@AISSUPERWiFi,00:7e:95:c9:79:06,1,-54,1034.4750445632799,92.23440285205004
.@TRUEWIFI,00:7e:95:c9:79:05,1,-54,1034.4750445632799,92.23440285205004
@JumboPlusIoT,00:7e:95:c9:79:03,1,-54,1034.4750445632799,92.23440285205004
Eng_Wi-Fi_Zone,64:d8:14:ef:e1:11,1,-51,1034.4750445632799,92.23440285205004
@JumboPlus,00:7e:95:c9:79:00,1,-54,1034.4750445632799,92.23440285205004
AISSMARTLogin,04:5f:b9:e5:d9:a6,36,-81,779.9295900178251,74.76559714795019
.@TrueMoveH,04:5f:b9:e5:d9:a7,36,-81,779.9295900178251,74.76559714795019
@TOT_Wi-Fi,04:5f:b9:e5:d9:a8,36,-81,779.9295900178251,74.76559714795019
@JumboPlusIoT,04:5f:b9:e5:d9:ac,36,-81,779.9295900178251,74.76559714795019
eduroam,04:5f:b9:e5:d9:ad,36,-81,779.9295900178251,74.76559714795019
@JumboPlus5GHz,04:5f:b9:e5:d9:ae,36,-82,779.9295900178251,74.76559714795019
AISSMARTLogin,00:b6:70:5f:15:06,36,-72,779.9295900178251,74.76559714795019
.@TrueMoveH,00:b6:70:5f:15:07,36,-72,779.9295900178251,74.76559714795019
@TOT_Wi-Fi,00:b6:70:5f:15:08,36,-72,779.9295900178251,74.76559714795019
@JumboPlusIoT,00:b6:70:5f:15:0c,36,-72,779.9295900178251,74.76559714795019
eduroam,00:b6:70:5f:15:0d,36,-72,779.9295900178251,74.76559714795019
@JumboPlus5GHz,00:b6:70:5f:15:0e,36,-72,779.9295900178251,74.76559714795019
@JumboPlusIoT,04:5f:b9:e3:33:a3,11,-71,779.9295900178251,74.76559714795019
@JumboPlus,04:5f:b9:e3:33:a0,11,-69,779.9295900178251,74.76559714795019
@TOT_Wi-Fi,00:b6:70:59:5d:c7,11,-60,779.9295900178251,74.76559714795019
.@AISSUPERWiFi,00:b6:70:59:5d:c6,11,-60,779.9295900178251,74.76559714795019
.@TRUEWIFI,00:b6:70:59:5d:c5,11,-59,779.9295900178251,74.76559714795019
@JumboPlusIoT,00:b6:70:59:5d:c3,11,-60,779.9295900178251,74.76559714795019
@JumboPlus,00:b6:70:59:5d:c0,11,-60,779.9295900178251,74.76559714795019
@TOT_Wi-Fi,04:5f:b9:e5:a8:e7,1,-76,779.9295900178251,74.76559714795019
.@TRUEWIFI,04:5f:b9:e5:a8:e5,1,-74,779.9295900178251,74.76559714795019
@JumboPlusIoT,04:5f:b9:e5:a8:e3,1,-74,779.9295900178251,74.76559714795019
@TOT_Wi-Fi,00:7e:95:c9:d3:27,1,-74,779.9295900178251,74.76559714795019
.@AISSUPERWiFi,00:7e:95:c5:1a:a6,1,-72,779.9295900178251,74.76559714795019
.@TRUEWIFI,00:7e:95:cb:91:a5,1,-63,779.9295900178251,74.76559714795019
@JumboPlusIoT,00:7e:95:cb:91:a3,1,-63,779.9295900178251,74.76559714795019
@TOT_Wi-Fi,00:7e:95:cb:91:a7,1,-63,779.9295900178251,74.76559714795019
.@AISSUPERWiFi,00:7e:95:cb:91:a6,1,-63,779.9295900178251,74.76559714795019
@TOT_Wi-Fi,00:7e:95:cb:6f:27,1,-72,779.9295900178251,74.76559714795019
.@AISSUPERWiFi,00:7e:95:cb:6f:26,1,-72,779.9295900178251,74.76559714795019
@TOT_Wi-Fi,00:7e:95:c5:2f:87,1,-71,779.9295900178251,74.76559714795019
.@AISSUPERWiFi,00:7e:95:c5:2f:86,1,-71,779.9295900178251,74.76559714795019
@JumboPlus,00:7e:95:cb:91:a0,1,-63,779.9295900178251,74.76559714795019
@TOT_Wi-Fi,00:7e:95:c9:79:07,1,-56,779.9295900178251,74.76559714795019
.@AISSUPERWiFi,00:7e:95:c9:79:06,1,-55,779.9295900178251,74.76559714795019
.@TRUEWIFI,00:7e:95:c9:79:05,1,-55,779.9295900178251,74.76559714795019
@JumboPlusIoT,00:7e:95:c9:79:03,1,-56,779.9295900178251,74.76559714795019
@JumboPlus,00:7e:95:c9:79:00,1,-56,779.9295900178251,74.76559714795019
@JumboPlus,04:5f:b9:e5:a8:e0,1,-74,779.9295900178251,74.76559714795019
Eng_Wi-Fi_Zone,64:d8:14:ef:e1:11,1,-56,779.9295900178251,74.76559714795019
AISSMARTLogin,04:5f:b9:e5:d9:a6,36,-74,607.7370766488414,84.74777183600725
.@TrueMoveH,04:5f:b9:e5:d9:a7,36,-74,607.7370766488414,84.74777183600725
@TOT_Wi-Fi,04:5f:b9:e5:d9:a8,36,-74,607.7370766488414,84.74777183600725
@JumboPlusIoT,04:5f:b9:e5:d9:ac,36,-74,607.7370766488414,84.74777183600725
eduroam,04:5f:b9:e5:d9:ad,36,-74,607.7370766488414,84.74777183600725
AISSMARTLogin,00:b6:70:5f:15:06,36,-65,607.7370766488414,84.74777183600725
.@TrueMoveH,00:b6:70:5f:15:07,36,-65,607.7370766488414,84.74777183600725
@JumboPlus5GHz,04:5f:b9:e5:d9:ae,36,-74,607.7370766488414,84.74777183600725
@TOT_Wi-Fi,00:b6:70:5f:15:08,36,-65,607.7370766488414,84.74777183600725
@JumboPlusIoT,00:b6:70:5f:15:0c,36,-65,607.7370766488414,84.74777183600725
eduroam,00:b6:70:5f:15:0d,36,-65,607.7370766488414,84.74777183600725
@JumboPlus5GHz,00:b6:70:5f:15:0e,36,-65,607.7370766488414,84.74777183600725
@TOT_Wi-Fi,00:b6:70:59:5d:c7,11,-65,607.7370766488414,84.74777183600725
.@AISSUPERWiFi,00:b6:70:59:5d:c6,11,-66,607.7370766488414,84.74777183600725
.@TRUEWIFI,00:b6:70:59:5d:c5,11,-64,607.7370766488414,84.74777183600725
ESP-79F858,2e:f4:32:79:f8:58,11,-75,607.7370766488414,84.74777183600725
.@AISSUPERWiFi,00:b6:70:5f:15:06,11,-65,607.7370766488414,84.74777183600725
.@TRUEWIFI,00:b6:70:5f:15:05,11,-66,607.7370766488414,84.74777183600725
@TOT_Wi-Fi,00:7e:95:c9:7b:67,11,-56,607.7370766488414,84.74777183600725
.@AISSUPERWiFi,00:7e:95:c9:7b:66,11,-56,607.7370766488414,84.74777183600725
.@TRUEWIFI,00:7e:95:c9:7b:65,11,-56,607.7370766488414,84.74777183600725
@JumboPlusIoT,00:7e:95:c9:7b:63,11,-56,607.7370766488414,84.74777183600725
@JumboPlus,00:7e:95:c9:7b:60,11,-56,607.7370766488414,84.74777183600725
@JumboPlusIoT,00:7e:95:c5:2f:83,1,-71,607.7370766488414,84.74777183600725
.@TRUEWIFI,00:7e:95:cb:6f:25,1,-72,607.7370766488414,84.74777183600725
@JumboPlusIoT,00:7e:95:cb:6f:23,1,-72,607.7370766488414,84.74777183600725
@JumboPlus,00:7e:95:cb:6f:20,1,-72,607.7370766488414,84.74777183600725
@TOT_Wi-Fi,00:7e:95:c9:d3:27,1,-69,607.7370766488414,84.74777183600725
.@TRUEWIFI,00:7e:95:c9:d3:25,1,-69,607.7370766488414,84.74777183600725
@JumboPlusIoT,00:7e:95:c9:d3:23,1,-68,607.7370766488414,84.74777183600725
@JumboPlus,00:7e:95:c9:d3:20,1,-69,607.7370766488414,84.74777183600725
@TOT_Wi-Fi,00:7e:95:cb:91:a7,1,-76,607.7370766488414,84.74777183600725
.@AISSUPERWiFi,00:7e:95:c5:2f:86,1,-71,607.7370766488414,84.74777183600725
.@AISSUPERWiFi,00:7e:95:cb:6f:26,1,-72,607.7370766488414,84.74777183600725
.@TRUEWIFI,00:7e:95:c5:2f:85,1,-71,607.7370766488414,84.74777183600725
.@AISSUPERWiFi,00:7e:95:c9:d3:26,1,-68,607.7370766488414,84.74777183600725
.@AISSUPERWiFi,00:7e:95:c9:79:06,1,-57,607.7370766488414,84.74777183600725
.@TRUEWIFI,00:7e:95:c9:79:05,1,-57,607.7370766488414,84.74777183600725
@TOT_Wi-Fi,04:5f:b9:e5:a8:e7,1,-67,607.7370766488414,84.74777183600725
@JumboPlus,00:7e:95:c9:79:00,1,-57,607.7370766488414,84.74777183600725
@TOT_Wi-Fi,00:7e:95:c9:79:07,1,-56,607.7370766488414,84.74777183600725
@JumboPlusIoT,00:7e:95:c9:79:03,1,-57,607.7370766488414,84.74777183600725
@JumboPlus,04:5f:b9:e5:a8:e0,1,-66,607.7370766488414,84.74777183600725
@TOT_Wi-Fi,00:7e:95:cb:6f:27,1,-71,607.7370766488414,84.74777183600725
@TOT_Wi-Fi,04:5f:b9:e5:d9:a7,1,-67,607.7370766488414,84.74777183600725
.@TRUEWIFI,04:5f:b9:e5:d9:a5,1,-68,607.7370766488414,84.74777183600725
@JumboPlusIoT,04:5f:b9:e5:d9:a3,1,-68,607.7370766488414,84.74777183600725
@JumboPlus,04:5f:b9:e5:d9:a0,1,-68,607.7370766488414,84.74777183600725
@TOT_Wi-Fi,00:7e:95:c5:2f:87,1,-70,607.7370766488414,84.74777183600725
Eng_Wi-Fi_Zone,64:d8:14:ef:e1:11,1,-53,607.7370766488414,84.74777183600725
AISSMARTLogin,04:5f:b9:e5:d9:a6,36,-75,398.1114081996434,77.26114081996445
.@TrueMoveH,04:5f:b9:e5:d9:a7,36,-75,398.1114081996434,77.26114081996445
AISSMARTLogin,00:7e:95:cb:17:e6,36,-84,398.1114081996434,77.26114081996445
@TOT_Wi-Fi,04:5f:b9:e5:d9:a8,36,-75,398.1114081996434,77.26114081996445
.@TrueMoveH,00:7e:95:cb:17:e7,36,-83,398.1114081996434,77.26114081996445
@JumboPlusIoT,04:5f:b9:e5:d9:ac,36,-75,398.1114081996434,77.26114081996445
@TOT_Wi-Fi,00:7e:95:cb:17:e8,36,-84,398.1114081996434,77.26114081996445
eduroam,04:5f:b9:e5:d9:ad,36,-75,398.1114081996434,77.26114081996445
@JumboPlusIoT,00:7e:95:cb:17:ec,36,-83,398.1114081996434,77.26114081996445
AISSMARTLogin,00:b6:70:5f:15:06,36,-57,398.1114081996434,77.26114081996445
.@TrueMoveH,00:b6:70:5f:15:07,36,-57,398.1114081996434,77.26114081996445
@JumboPlus5GHz,04:5f:b9:e5:d9:ae,36,-74,398.1114081996434,77.26114081996445
@TOT_Wi-Fi,00:b6:70:5f:15:08,36,-57,398.1114081996434,77.26114081996445
@JumboPlusIoT,00:b6:70:5f:15:0c,36,-57,398.1114081996434,77.26114081996445
eduroam,00:b6:70:5f:15:0d,36,-57,398.1114081996434,77.26114081996445
@JumboPlus5GHz,00:b6:70:5f:15:0e,36,-57,398.1114081996434,77.26114081996445
@TOT_Wi-Fi,00:b6:70:59:95:67,11,-70,398.1114081996434,77.26114081996445
.@AISSUPERWiFi,00:b6:70:59:95:66,11,-70,398.1114081996434,77.26114081996445
@TOT_Wi-Fi,00:b6:70:5f:15:07,11,-63,398.1114081996434,77.26114081996445
.@TRUEWIFI,00:b6:70:59:95:65,11,-70,398.1114081996434,77.26114081996445
.@AISSUPERWiFi,00:b6:70:5f:15:06,11,-63,398.1114081996434,77.26114081996445
.@AISSUPERWiFi,00:7e:95:c9:7b:66,11,-62,398.1114081996434,77.26114081996445
.@TRUEWIFI,00:b6:70:5f:15:05,11,-62,398.1114081996434,77.26114081996445
@JumboPlusIoT,00:b6:70:5f:15:03,11,-63,398.1114081996434,77.26114081996445
@TOT_Wi-Fi,00:7e:95:c9:7b:67,11,-61,398.1114081996434,77.26114081996445
.@TRUEWIFI,00:7e:95:c9:7b:65,11,-62,398.1114081996434,77.26114081996445
@JumboPlusIoT,00:7e:95:c9:7b:63,11,-61,398.1114081996434,77.26114081996445
@JumboPlus,00:7e:95:c9:7b:60,11,-62,398.1114081996434,77.26114081996445
@TOT_Wi-Fi,00:7e:95:c5:2f:87,1,-73,398.1114081996434,77.26114081996445
.@AISSUPERWiFi,00:7e:95:c5:2f:86,1,-74,398.1114081996434,77.26114081996445
@TOT_Wi-Fi,00:7e:95:c9:79:07,1,-59,398.1114081996434,77.26114081996445
.@AISSUPERWiFi,00:7e:95:c9:79:06,1,-59,398.1114081996434,77.26114081996445
.@TRUEWIFI,00:7e:95:c9:79:05,1,-59,398.1114081996434,77.26114081996445
@JumboPlusIoT,00:7e:95:c9:79:03,1,-59,398.1114081996434,77.26114081996445
@JumboPlus,00:7e:95:c9:79:00,1,-59,398.1114081996434,77.26114081996445
@TOT_Wi-Fi,00:7e:95:c9:d3:27,1,-68,398.1114081996434,77.26114081996445
.@AISSUPERWiFi,00:7e:95:c9:d3:26,1,-67,398.1114081996434,77.26114081996445
.@TRUEWIFI,00:7e:95:c9:d3:25,1,-67,398.1114081996434,77.26114081996445
@JumboPlusIoT,04:5f:b9:e5:d9:a3,1,-69,398.1114081996434,77.26114081996445
@JumboPlus,04:5f:b9:e5:d9:a0,1,-69,398.1114081996434,77.26114081996445
Eng_Wi-Fi_Zone,64:d8:14:ef:e1:11,1,-57,398.1114081996434,77.26114081996445
AISSMARTLogin,04:5f:b9:e5:d9:a6,36,-80,235.90106951871655,59.7923351158646
.@TrueMoveH,04:5f:b9:e5:d9:a7,36,-79,235.90106951871655,59.7923351158646
@TOT_Wi-Fi,04:5f:b9:e5:d9:a8,36,-79,235.90106951871655,59.7923351158646
AISSMARTLogin,00:7e:95:cb:17:e6,36,-74,235.90106951871655,59.7923351158646
.@TrueMoveH,00:7e:95:cb:17:e7,36,-74,235.90106951871655,59.7923351158646
@TOT_Wi-Fi,00:7e:95:cb:17:e8,36,-74,235.90106951871655,59.7923351158646
@JumboPlusIoT,00:7e:95:cb:17:ec,36,-74,235.90106951871655,59.7923351158646
eduroam,00:7e:95:cb:17:ed,36,-74,235.90106951871655,59.7923351158646
AISSMARTLogin,00:b6:70:5f:15:06,36,-59,235.90106951871655,59.7923351158646
.@TrueMoveH,00:b6:70:5f:15:07,36,-59,235.90106951871655,59.7923351158646
@TOT_Wi-Fi,00:b6:70:5f:15:08,36,-60,235.90106951871655,59.7923351158646
@JumboPlusIoT,00:b6:70:5f:15:0c,36,-59,235.90106951871655,59.7923351158646
eduroam,00:b6:70:5f:15:0d,36,-59,235.90106951871655,59.7923351158646
@JumboPlus5GHz,00:b6:70:5f:15:0e,36,-59,235.90106951871655,59.7923351158646
.@AISSUPERWiFi,04:5f:b9:e5:ac:e6,11,-69,235.90106951871655,59.7923351158646
gogo,00:11:3b:0d:05:29,11,-70,235.90106951871655,59.7923351158646
@TOT_Wi-Fi,00:b6:70:5f:15:07,11,-67,235.90106951871655,59.7923351158646
.@AISSUPERWiFi,00:b6:70:5f:15:06,11,-66,235.90106951871655,59.7923351158646
.@TRUEWIFI,00:b6:70:5f:15:05,11,-66,235.90106951871655,59.7923351158646
@TOT_Wi-Fi,00:7e:95:c9:7b:67,11,-56,235.90106951871655,59.7923351158646
@TOT_Wi-Fi,04:5f:b9:e5:ac:e7,11,-69,235.90106951871655,59.7923351158646
.@AISSUPERWiFi,00:7e:95:c9:7b:66,11,-56,235.90106951871655,59.7923351158646
.@TRUEWIFI,00:7e:95:c9:7b:65,11,-56,235.90106951871655,59.7923351158646
@JumboPlusIoT,00:7e:95:c9:7b:63,11,-56,235.90106951871655,59.7923351158646
@JumboPlus,00:7e:95:c9:7b:60,11,-56,235.90106951871655,59.7923351158646
@JumboPlus,00:b6:70:5f:15:00,11,-67,235.90106951871655,59.7923351158646
@TOT_Wi-Fi,00:7e:95:c9:79:07,1,-60,235.90106951871655,59.7923351158646
.@AISSUPERWiFi,00:7e:95:c9:79:06,1,-61,235.90106951871655,59.7923351158646
.@TRUEWIFI,00:7e:95:c9:79:05,1,-60,235.90106951871655,59.7923351158646
@JumboPlusIoT,00:7e:95:c9:79:03,1,-61,235.90106951871655,59.7923351158646
@JumboPlus,00:7e:95:c9:79:00,1,-60,235.90106951871655,59.7923351158646
@TOT_Wi-Fi,04:5f:b9:e5:a8:e7,1,-69,235.90106951871655,59.7923351158646
LENOVO-wong,5a:fb:84:f4:62:30,1,-78,235.90106951871655,59.7923351158646
.@AISSUPERWiFi,04:5f:b9:e5:a8:e6,1,-69,235.90106951871655,59.7923351158646
.@TRUEWIFI,04:5f:b9:e5:a8:e5,1,-68,235.90106951871655,59.7923351158646
@JumboPlusIoT,04:5f:b9:e5:a8:e3,1,-69,235.90106951871655,59.7923351158646
@JumboPlus,04:5f:b9:e5:a8:e0,1,-69,235.90106951871655,59.7923351158646
@TOT_Wi-Fi,00:7e:95:c9:d3:27,1,-61,235.90106951871655,59.7923351158646
.@AISSUPERWiFi,00:7e:95:c9:d3:26,1,-62,235.90106951871655,59.7923351158646
.@TRUEWIFI,00:7e:95:c9:d3:25,1,-61,235.90106951871655,59.7923351158646
@JumboPlusIoT,00:7e:95:c9:d3:23,1,-62,235.90106951871655,59.7923351158646
@JumboPlus,00:7e:95:c9:d3:20,1,-62,235.90106951871655,59.7923351158646
Eng_Wi-Fi_Zone,64:d8:14:ef:e1:11,1,-55,235.90106951871655,59.7923351158646
AISSMARTLogin,00:7e:95:cb:17:e6,36,-77,51.23083778966122,52.30570409982181
.@TrueMoveH,00:7e:95:cb:17:e7,36,-77,51.23083778966122,52.30570409982181
@TOT_Wi-Fi,00:7e:95:cb:17:e8,36,-77,51.23083778966122,52.30570409982181
@JumboPlusIoT,00:7e:95:cb:17:ec,36,-77,51.23083778966122,52.30570409982181
eduroam,00:7e:95:cb:17:ed,36,-77,51.23083778966122,52.30570409982181
AISSMARTLogin,00:b6:70:5f:15:06,36,-59,51.23083778966122,52.30570409982181
.@TrueMoveH,00:b6:70:5f:15:07,36,-59,51.23083778966122,52.30570409982181
@TOT_Wi-Fi,00:b6:70:5f:15:08,36,-59,51.23083778966122,52.30570409982181
@JumboPlusIoT,00:b6:70:5f:15:0c,36,-59,51.23083778966122,52.30570409982181
eduroam,00:b6:70:5f:15:0d,36,-59,51.23083778966122,52.30570409982181
@JumboPlus5GHz,00:b6:70:5f:15:0e,36,-59,51.23083778966122,52.30570409982181
@JumboPlus,04:5f:b9:e5:1f:a0,11,-69,51.23083778966122,52.30570409982181
.@AISSUPERWiFi,04:5f:b9:e5:1f:a6,11,-69,51.23083778966122,52.30570409982181
@TOT_Wi-Fi,00:b6:70:5f:15:07,11,-63,51.23083778966122,52.30570409982181
.@AISSUPERWiFi,00:b6:70:5f:15:06,11,-64,51.23083778966122,52.30570409982181
@JumboPlusIoT,04:5f:b9:e5:1f:a3,11,-69,51.23083778966122,52.30570409982181
.@TRUEWIFI,00:b6:70:5f:15:05,11,-63,51.23083778966122,52.30570409982181
@JumboPlusIoT,00:b6:70:5f:15:03,11,-64,51.23083778966122,52.30570409982181
@JumboPlus,00:b6:70:5f:15:00,11,-63,51.23083778966122,52.30570409982181
LENOVO-wong,5a:fb:84:f4:62:30,1,-76,51.23083778966122,52.30570409982181
.@TRUEWIFI,00:7e:95:c9:76:a5,1,-73,51.23083778966122,52.30570409982181
@TOT_Wi-Fi,00:7e:95:c9:d3:27,1,-68,51.23083778966122,52.30570409982181
.@AISSUPERWiFi,00:7e:95:c9:d3:26,1,-67,51.23083778966122,52.30570409982181
Eng_Wi-Fi_Zone,64:d8:14:ef:e1:11,1,-56,51.23083778966122,52.30570409982181
.@TRUEWIFI,00:7e:95:c9:d3:25,1,-67,51.23083778966122,52.30570409982181
@TOT_Wi-Fi,00:7e:95:c9:79:07,1,-63,51.23083778966122,52.30570409982181
@JumboPlusIoT,00:7e:95:c9:d3:23,1,-68,51.23083778966122,52.30570409982181
.@AISSUPERWiFi,00:7e:95:c9:79:06,1,-63,51.23083778966122,52.30570409982181
.@TRUEWIFI,00:7e:95:c9:79:05,1,-63,51.23083778966122,52.30570409982181
@JumboPlusIoT,00:7e:95:c9:79:03,1,-62,51.23083778966122,52.30570409982181
@JumboPlus,00:7e:95:c9:79:00,1,-62,51.23083778966122,52.30570409982181
@JumboPlus,00:7e:95:c9:d3:20,1,-68,51.23083778966122,52.30570409982181
AISSMARTLogin,04:5f:b9:e5:d9:a6,36,-78,73.6907308377896,204.5338680926917
.@TrueMoveH,04:5f:b9:e5:d9:a7,36,-78,73.6907308377896,204.5338680926917
AISSMARTLogin,00:7e:95:cb:17:e6,36,-81,73.6907308377896,204.5338680926917
.@TrueMoveH,00:7e:95:cb:17:e7,36,-81,73.6907308377896,204.5338680926917
@TOT_Wi-Fi,00:7e:95:cb:17:e8,36,-82,73.6907308377896,204.5338680926917
@JumboPlusIoT,00:7e:95:cb:17:ec,36,-81,73.6907308377896,204.5338680926917
AISSMARTLogin,00:b6:70:5f:15:06,36,-58,73.6907308377896,204.5338680926917
.@TrueMoveH,00:b6:70:5f:15:07,36,-58,73.6907308377896,204.5338680926917
@TOT_Wi-Fi,00:b6:70:5f:15:08,36,-58,73.6907308377896,204.5338680926917
@JumboPlusIoT,00:b6:70:5f:15:0c,36,-58,73.6907308377896,204.5338680926917
eduroam,00:b6:70:5f:15:0d,36,-58,73.6907308377896,204.5338680926917
@JumboPlus5GHz,00:b6:70:5f:15:0e,36,-58,73.6907308377896,204.5338680926917
@JumboPlus,00:b6:70:5f:15:00,11,-64,73.6907308377896,204.5338680926917
@TOT_Wi-Fi,00:b6:70:5f:15:07,11,-65,73.6907308377896,204.5338680926917
@TOT_Wi-Fi,04:5f:b9:e5:1f:a7,11,-66,73.6907308377896,204.5338680926917
@JumboPlus,04:5f:b9:e5:1f:a0,11,-66,73.6907308377896,204.5338680926917
.@AISSUPERWiFi,00:b6:70:5f:15:06,11,-64,73.6907308377896,204.5338680926917
.@TRUEWIFI,00:b6:70:5f:15:05,11,-64,73.6907308377896,204.5338680926917
@JumboPlusIoT,00:b6:70:5f:15:03,11,-64,73.6907308377896,204.5338680926917
@JumboPlusIoT,00:7e:95:c9:7b:63,11,-66,73.6907308377896,204.5338680926917
LENOVO-wong,5a:fb:84:f4:62:30,1,-76,73.6907308377896,204.5338680926917
@TOT_Wi-Fi,00:7e:95:c9:79:07,1,-66,73.6907308377896,204.5338680926917
.@AISSUPERWiFi,00:7e:95:c9:79:06,1,-67,73.6907308377896,204.5338680926917
.@TRUEWIFI,00:7e:95:c9:79:05,1,-67,73.6907308377896,204.5338680926917
@JumboPlus,00:7e:95:c9:79:00,1,-67,73.6907308377896,204.5338680926917
@TOT_Wi-Fi,00:7e:95:c9:d3:27,1,-65,73.6907308377896,204.5338680926917
.@AISSUPERWiFi,00:7e:95:c9:d3:26,1,-65,73.6907308377896,204.5338680926917
.@TRUEWIFI,00:7e:95:c9:d3:25,1,-64,73.6907308377896,204.5338680926917
@JumboPlusIoT,00:7e:95:c9:d3:23,1,-63,73.6907308377896,204.5338680926917
Eng_Wi-Fi_Zone,64:d8:14:ef:e1:11,1,-51,73.6907308377896,204.5338680926917
@JumboPlus,00:7e:95:c9:d3:20,1,-65,73.6907308377896,204.5338680926917
.@AISSUPERWiFi,00:7e:95:c9:76:a6,1,-72,73.6907308377896,204.5338680926917
@JumboPlusIoT,00:7e:95:cb:17:ec,36,-82,61.21301247771828,366.7442067736186
.@TrueMoveH,04:5f:b9:e5:d9:a7,36,-84,61.21301247771828,366.7442067736186
@TOT_Wi-Fi,04:5f:b9:e5:d9:a8,36,-84,61.21301247771828,366.7442067736186
@JumboPlusIoT,04:5f:b9:e5:d9:ac,36,-84,61.21301247771828,366.7442067736186
eduroam,04:5f:b9:e5:d9:ad,36,-83,61.21301247771828,366.7442067736186
AISSMARTLogin,04:5f:b9:e5:d9:a6,36,-84,61.21301247771828,366.7442067736186
AISSMARTLogin,00:7e:95:cb:17:e6,36,-81,61.21301247771828,366.7442067736186
.@TrueMoveH,00:7e:95:cb:17:e7,36,-81,61.21301247771828,366.7442067736186
@TOT_Wi-Fi,00:7e:95:cb:17:e8,36,-82,61.21301247771828,366.7442067736186
AISSMARTLogin,00:b6:70:5f:15:06,36,-56,61.21301247771828,366.7442067736186
.@TrueMoveH,00:b6:70:5f:15:07,36,-56,61.21301247771828,366.7442067736186
@TOT_Wi-Fi,00:b6:70:5f:15:08,36,-56,61.21301247771828,366.7442067736186
@JumboPlusIoT,00:b6:70:5f:15:0c,36,-56,61.21301247771828,366.7442067736186
eduroam,00:b6:70:5f:15:0d,36,-56,61.21301247771828,366.7442067736186
@JumboPlus5GHz,00:b6:70:5f:15:0e,36,-56,61.21301247771828,366.7442067736186
@TOT_Wi-Fi,00:b6:70:59:95:67,11,-69,61.21301247771828,366.7442067736186
.@AISSUPERWiFi,00:7e:95:c9:7b:66,11,-70,61.21301247771828,366.7442067736186
.@TRUEWIFI,00:7e:95:c9:7b:65,11,-68,61.21301247771828,366.7442067736186
@JumboPlusIoT,00:7e:95:c9:7b:63,11,-69,61.21301247771828,366.7442067736186
.@TRUEWIFI,00:b6:70:5f:15:05,11,-62,61.21301247771828,366.7442067736186
@JumboPlusIoT,00:b6:70:5f:15:03,11,-62,61.21301247771828,366.7442067736186
@JumboPlus,04:5f:b9:e5:1f:a0,11,-63,61.21301247771828,366.7442067736186
@TOT_Wi-Fi,00:b6:70:5f:15:07,11,-62,61.21301247771828,366.7442067736186
@TOT_Wi-Fi,04:5f:b9:e5:1f:a7,11,-62,61.21301247771828,366.7442067736186
.@TRUEWIFI,04:5f:b9:e5:1f:a5,11,-62,61.21301247771828,366.7442067736186
@JumboPlusIoT,04:5f:b9:e5:1f:a3,11,-62,61.21301247771828,366.7442067736186
.@AISSUPERWiFi,04:5f:b9:e5:1f:a6,11,-62,61.21301247771828,366.7442067736186
@JumboPlus,00:b6:70:5f:15:00,11,-62,61.21301247771828,366.7442067736186
@JumboPlus,04:5f:b9:e4:2f:80,11,-70,61.21301247771828,366.7442067736186
.@TRUEWIFI,00:7e:95:c5:1a:a5,1,-67,61.21301247771828,366.7442067736186
@JumboPlusIoT,00:7e:95:c5:1a:a3,1,-67,61.21301247771828,366.7442067736186
@JumboPlus,00:7e:95:c5:1a:a0,1,-67,61.21301247771828,366.7442067736186
@TOT_Wi-Fi,00:7e:95:c9:79:07,1,-63,61.21301247771828,366.7442067736186
.@AISSUPERWiFi,00:7e:95:c9:d3:26,1,-73,61.21301247771828,366.7442067736186
@JumboPlus,00:7e:95:c9:d3:20,1,-72,61.21301247771828,366.7442067736186
@TOT_Wi-Fi,00:7e:95:c9:d3:27,1,-72,61.21301247771828,366.7442067736186
@JumboPlusIoT,00:7e:95:c9:79:03,1,-63,61.21301247771828,366.7442067736186
@JumboPlus,00:7e:95:c9:79:00,1,-63,61.21301247771828,366.7442067736186
.@TRUEWIFI,00:7e:95:c5:06:65,1,-71,61.21301247771828,366.7442067736186
.@TRUEWIFI,00:7e:95:c9:d3:25,1,-72,61.21301247771828,366.7442067736186
@TOT_Wi-Fi,00:7e:95:c5:1a:a7,1,-67,61.21301247771828,366.7442067736186
Eng_Wi-Fi_Zone,64:d8:14:ef:e1:11,1,-51,61.21301247771828,366.7442067736186
AISSMARTLogin,04:5f:b9:e5:d9:a6,36,-84,68.69964349376107,558.9010695187167
.@TrueMoveH,04:5f:b9:e5:d9:a7,36,-84,68.69964349376107,558.9010695187167
@TOT_Wi-Fi,04:5f:b9:e5:d9:a8,36,-84,68.69964349376107,558.9010695187167
@JumboPlusIoT,04:5f:b9:e5:d9:ac,36,-84,68.69964349376107,558.9010695187167
eduroam,04:5f:b9:e5:d9:ad,36,-84,68.69964349376107,558.9010695187167
AISSMARTLogin,00:b6:70:5f:15:06,36,-60,68.69964349376107,558.9010695187167
@JumboPlus5GHz,04:5f:b9:e5:d9:ae,36,-84,68.69964349376107,558.9010695187167
.@TrueMoveH,00:b6:70:5f:15:07,36,-60,68.69964349376107,558.9010695187167
@TOT_Wi-Fi,00:b6:70:5f:15:08,36,-60,68.69964349376107,558.9010695187167
@JumboPlusIoT,00:b6:70:5f:15:0c,36,-60,68.69964349376107,558.9010695187167
eduroam,00:b6:70:5f:15:0d,36,-60,68.69964349376107,558.9010695187167
@JumboPlus5GHz,00:b6:70:5f:15:0e,36,-60,68.69964349376107,558.9010695187167
@TOT_Wi-Fi,00:b6:70:5f:15:07,11,-69,68.69964349376107,558.9010695187167
.@AISSUPERWiFi,00:b6:70:5f:15:06,11,-68,68.69964349376107,558.9010695187167
.@TRUEWIFI,00:b6:70:5f:15:05,11,-68,68.69964349376107,558.9010695187167
@JumboPlusIoT,00:b6:70:5f:15:03,11,-69,68.69964349376107,558.9010695187167
@JumboPlus,00:b6:70:5f:15:00,11,-69,68.69964349376107,558.9010695187167
@TOT_Wi-Fi,04:5f:b9:e5:1f:a7,11,-62,68.69964349376107,558.9010695187167
.@AISSUPERWiFi,04:5f:b9:e5:1f:a6,11,-62,68.69964349376107,558.9010695187167
.@TRUEWIFI,04:5f:b9:e5:1f:a5,11,-63,68.69964349376107,558.9010695187167
@JumboPlusIoT,04:5f:b9:e5:1f:a3,11,-62,68.69964349376107,558.9010695187167
@JumboPlus,04:5f:b9:e5:1f:a0,11,-63,68.69964349376107,558.9010695187167
.@AISSUPERWiFi,00:7e:95:c9:79:06,1,-71,68.69964349376107,558.9010695187167
.@TRUEWIFI,00:7e:95:c9:79:05,1,-71,68.69964349376107,558.9010695187167
@TOT_Wi-Fi,00:7e:95:c5:06:67,1,-74,68.69964349376107,558.9010695187167
@JumboPlusIoT,00:7e:95:c9:79:03,1,-71,68.69964349376107,558.9010695187167
@JumboPlus,00:7e:95:c9:76:a0,1,-71,68.69964349376107,558.9010695187167
@TOT_Wi-Fi,00:7e:95:cb:6f:27,1,-73,68.69964349376107,558.9010695187167
@TOT_Wi-Fi,00:7e:95:c9:79:07,1,-70,68.69964349376107,558.9010695187167
.@AISSUPERWiFi,00:7e:95:cb:6f:26,1,-74,68.69964349376107,558.9010695187167
Eng_Wi-Fi_Zone,64:d8:14:ef:e1:11,1,-50,68.69964349376107,558.9010695187167
@JumboPlus,00:7e:95:c9:79:00,1,-68,68.69964349376107,558.9010695187167
